Time [s], Analyzer Name, Decoded Protocol Result
1.565637120000000,SPI,MOSI: 0xAE;  MISO: 0x00
1.565638180000000,SPI,MOSI: 0xD5;  MISO: 0x00
1.565639240000000,SPI,MOSI: 0x80;  MISO: 0x00
1.565640320000000,SPI,MOSI: 0xA8;  MISO: 0x00
1.565641380000000,SPI,MOSI: 0x3F;  MISO: 0x00
1.565642440000000,SPI,MOSI: 0xD3;  MISO: 0x00
1.565643520000000,SPI,MOSI: 0x00;  MISO: 0x00
1.565644580000000,SPI,MOSI: 0x40;  MISO: 0x00
1.565645640000000,SPI,MOSI: 0x8D;  MISO: 0x00
1.565646720000000,SPI,MOSI: 0x14;  MISO: 0x00
1.565647780000000,SPI,MOSI: 0x20;  MISO: 0x00
1.565648840000000,SPI,MOSI: 0x00;  MISO: 0x00
1.565649920000000,SPI,MOSI: 0xA1;  MISO: 0x00
1.565650980000000,SPI,MOSI: 0xC8;  MISO: 0x00
1.565652040000000,SPI,MOSI: 0xDA;  MISO: 0x00
1.565653120000000,SPI,MOSI: 0x12;  MISO: 0x00
1.565654180000000,SPI,MOSI: 0x81;  MISO: 0x00
1.565655240000000,SPI,MOSI: 0xCF;  MISO: 0x00
1.565656320000000,SPI,MOSI: 0xD9;  MISO: 0x00
1.565657380000000,SPI,MOSI: 0xF1;  MISO: 0x00
1.565658440000000,SPI,MOSI: 0xDB;  MISO: 0x00
1.565659520000000,SPI,MOSI: 0x40;  MISO: 0x00
1.565660580000000,SPI,MOSI: 0xA4;  MISO: 0x00
1.565661640000000,SPI,MOSI: 0xA6;  MISO: 0x00
1.565662720000000,SPI,MOSI: 0xAF;  MISO: 0x00
1.565670320000000,SPI,MOSI: 0x00;  MISO: 0x00
1.565671400000000,SPI,MOSI: 0x10;  MISO: 0x00
1.565672460000000,SPI,MOSI: 0x40;  MISO: 0x00
1.565674420000000,SPI,MOSI: 0x00;  MISO: 0x00
1.565675500000000,SPI,MOSI: 0x00;  MISO: 0x00
1.565676560000000,SPI,MOSI: 0x00;  MISO: 0x00
1.565677620000000,SPI,MOSI: 0x00;  MISO: 0x00
1.565678700000000,SPI,MOSI: 0x00;  MISO: 0x00
1.565679760000000,SPI,MOSI: 0x00;  MISO: 0x00
1.565680820000000,SPI,MOSI: 0x00;  MISO: 0x00
1.565681900000000,SPI,MOSI: 0x00;  MISO: 0x00
1.565682960000000,SPI,MOSI: 0x00;  MISO: 0x00
1.565684020000000,SPI,MOSI: 0x00;  MISO: 0x00
1.565685100000000,SPI,MOSI: 0x00;  MISO: 0x00
1.565686160000000,SPI,MOSI: 0x00;  MISO: 0x00
1.565687220000000,SPI,MOSI: 0x00;  MISO: 0x00
1.565688300000000,SPI,MOSI: 0x00;  MISO: 0x00
1.565689360000000,SPI,MOSI: 0x00;  MISO: 0x00
1.565690420000000,SPI,MOSI: 0x00;  MISO: 0x00
1.565691500000000,SPI,MOSI: 0x00;  MISO: 0x00
1.565692560000000,SPI,MOSI: 0x00;  MISO: 0x00
1.565693620000000,SPI,MOSI: 0x00;  MISO: 0x00
1.565694700000000,SPI,MOSI: 0x00;  MISO: 0x00
1.565695760000000,SPI,MOSI: 0x00;  MISO: 0x00
1.565696820000000,SPI,MOSI: 0x00;  MISO: 0x00
1.565697900000000,SPI,MOSI: 0x00;  MISO: 0x00
1.565698960000000,SPI,MOSI: 0x00;  MISO: 0x00
1.565700020000000,SPI,MOSI: 0x00;  MISO: 0x00
1.565701100000000,SPI,MOSI: 0x00;  MISO: 0x00
1.565702160000000,SPI,MOSI: 0x00;  MISO: 0x00
1.565703220000000,SPI,MOSI: 0x00;  MISO: 0x00
1.565704300000000,SPI,MOSI: 0x00;  MISO: 0x00
1.565705360000000,SPI,MOSI: 0x00;  MISO: 0x00
1.565706420000000,SPI,MOSI: 0x00;  MISO: 0x00
1.565707500000000,SPI,MOSI: 0x00;  MISO: 0x00
1.565708560000000,SPI,MOSI: 0x00;  MISO: 0x00
1.565709620000000,SPI,MOSI: 0x00;  MISO: 0x00
1.565710700000000,SPI,MOSI: 0x00;  MISO: 0x00
1.565711760000000,SPI,MOSI: 0x00;  MISO: 0x00
1.565712820000000,SPI,MOSI: 0x00;  MISO: 0x00
1.565713900000000,SPI,MOSI: 0x00;  MISO: 0x00
1.565714960000000,SPI,MOSI: 0x00;  MISO: 0x00
1.565716040000000,SPI,MOSI: 0x00;  MISO: 0x00
1.565717100000000,SPI,MOSI: 0x00;  MISO: 0x00
1.565718160000000,SPI,MOSI: 0x00;  MISO: 0x00
1.565719220000000,SPI,MOSI: 0x00;  MISO: 0x00
1.565720300000000,SPI,MOSI: 0x00;  MISO: 0x00
1.565721360000000,SPI,MOSI: 0x00;  MISO: 0x00
1.565722420000000,SPI,MOSI: 0x00;  MISO: 0x00
1.565723500000000,SPI,MOSI: 0x00;  MISO: 0x00
1.565724560000000,SPI,MOSI: 0x00;  MISO: 0x00
1.565725620000000,SPI,MOSI: 0x00;  MISO: 0x00
1.565726700000000,SPI,MOSI: 0x00;  MISO: 0x00
1.565727760000000,SPI,MOSI: 0x00;  MISO: 0x00
1.565728820000000,SPI,MOSI: 0x00;  MISO: 0x00
1.565729900000000,SPI,MOSI: 0x00;  MISO: 0x00
1.565730960000000,SPI,MOSI: 0x00;  MISO: 0x00
1.565732020000000,SPI,MOSI: 0x00;  MISO: 0x00
1.565733100000000,SPI,MOSI: 0x00;  MISO: 0x00
1.565734160000000,SPI,MOSI: 0x00;  MISO: 0x00
1.565735220000000,SPI,MOSI: 0x00;  MISO: 0x00
1.565736300000000,SPI,MOSI: 0x00;  MISO: 0x00
1.565737360000000,SPI,MOSI: 0x00;  MISO: 0x00
1.565738440000000,SPI,MOSI: 0x00;  MISO: 0x00
1.565739500000000,SPI,MOSI: 0x00;  MISO: 0x00
1.565740560000000,SPI,MOSI: 0x00;  MISO: 0x00
1.565741640000000,SPI,MOSI: 0x00;  MISO: 0x00
1.565742700000000,SPI,MOSI: 0x00;  MISO: 0x00
1.565743760000000,SPI,MOSI: 0x00;  MISO: 0x00
1.565744820000000,SPI,MOSI: 0x00;  MISO: 0x00
1.565745900000000,SPI,MOSI: 0x00;  MISO: 0x00
1.565746960000000,SPI,MOSI: 0x00;  MISO: 0x00
1.565748020000000,SPI,MOSI: 0x00;  MISO: 0x00
1.565749100000000,SPI,MOSI: 0x00;  MISO: 0x00
1.565750160000000,SPI,MOSI: 0x00;  MISO: 0x00
1.565751220000000,SPI,MOSI: 0x00;  MISO: 0x00
1.565752300000000,SPI,MOSI: 0x00;  MISO: 0x00
1.565753360000000,SPI,MOSI: 0x00;  MISO: 0x00
1.565754420000000,SPI,MOSI: 0x00;  MISO: 0x00
1.565755500000000,SPI,MOSI: 0x00;  MISO: 0x00
1.565756560000000,SPI,MOSI: 0x00;  MISO: 0x00
1.565757620000000,SPI,MOSI: 0x00;  MISO: 0x00
1.565758700000000,SPI,MOSI: 0x00;  MISO: 0x00
1.565759760000000,SPI,MOSI: 0x00;  MISO: 0x00
1.565760820000000,SPI,MOSI: 0x00;  MISO: 0x00
1.565761900000000,SPI,MOSI: 0x00;  MISO: 0x00
1.565762960000000,SPI,MOSI: 0x00;  MISO: 0x00
1.565764020000000,SPI,MOSI: 0x00;  MISO: 0x00
1.565765100000000,SPI,MOSI: 0x00;  MISO: 0x00
1.565766160000000,SPI,MOSI: 0x00;  MISO: 0x00
1.565767240000000,SPI,MOSI: 0x00;  MISO: 0x00
1.565768300000000,SPI,MOSI: 0x00;  MISO: 0x00
1.565769360000000,SPI,MOSI: 0x00;  MISO: 0x00
1.565770440000000,SPI,MOSI: 0x00;  MISO: 0x00
1.565771500000000,SPI,MOSI: 0x00;  MISO: 0x00
1.565772560000000,SPI,MOSI: 0x00;  MISO: 0x00
1.565773640000000,SPI,MOSI: 0x00;  MISO: 0x00
1.565774700000000,SPI,MOSI: 0x00;  MISO: 0x00
1.565775760000000,SPI,MOSI: 0x00;  MISO: 0x00
1.565776840000000,SPI,MOSI: 0x00;  MISO: 0x00
1.565777900000000,SPI,MOSI: 0x00;  MISO: 0x00
1.565778960000000,SPI,MOSI: 0x00;  MISO: 0x00
1.565780040000000,SPI,MOSI: 0x00;  MISO: 0x00
1.565781100000000,SPI,MOSI: 0x00;  MISO: 0x00
1.565782160000000,SPI,MOSI: 0x00;  MISO: 0x00
1.565783240000000,SPI,MOSI: 0x00;  MISO: 0x00
1.565784300000000,SPI,MOSI: 0x00;  MISO: 0x00
1.565785360000000,SPI,MOSI: 0x00;  MISO: 0x00
1.565786420000000,SPI,MOSI: 0x00;  MISO: 0x00
1.565787500000000,SPI,MOSI: 0x00;  MISO: 0x00
1.565788560000000,SPI,MOSI: 0x00;  MISO: 0x00
1.565789620000000,SPI,MOSI: 0x00;  MISO: 0x00
1.565790700000000,SPI,MOSI: 0x00;  MISO: 0x00
1.565791760000000,SPI,MOSI: 0x00;  MISO: 0x00
1.565792840000000,SPI,MOSI: 0x00;  MISO: 0x00
1.565793900000000,SPI,MOSI: 0x00;  MISO: 0x00
1.565794960000000,SPI,MOSI: 0x00;  MISO: 0x00
1.565796040000000,SPI,MOSI: 0x00;  MISO: 0x00
1.565797100000000,SPI,MOSI: 0x00;  MISO: 0x00
1.565798160000000,SPI,MOSI: 0x00;  MISO: 0x00
1.565799240000000,SPI,MOSI: 0x00;  MISO: 0x00
1.565800300000000,SPI,MOSI: 0x00;  MISO: 0x00
1.565801360000000,SPI,MOSI: 0x00;  MISO: 0x00
1.565802440000000,SPI,MOSI: 0x00;  MISO: 0x00
1.565803500000000,SPI,MOSI: 0x00;  MISO: 0x00
1.565804560000000,SPI,MOSI: 0x00;  MISO: 0x00
1.565805640000000,SPI,MOSI: 0x00;  MISO: 0x00
1.565806700000000,SPI,MOSI: 0x00;  MISO: 0x00
1.565807760000000,SPI,MOSI: 0x00;  MISO: 0x00
1.565808840000000,SPI,MOSI: 0x00;  MISO: 0x00
1.565809900000000,SPI,MOSI: 0x00;  MISO: 0x00
1.565810960000000,SPI,MOSI: 0x00;  MISO: 0x00
1.565812020000000,SPI,MOSI: 0x00;  MISO: 0x00
1.565813100000000,SPI,MOSI: 0x00;  MISO: 0x00
1.565814160000000,SPI,MOSI: 0x00;  MISO: 0x00
1.565815240000000,SPI,MOSI: 0x00;  MISO: 0x00
1.565816300000000,SPI,MOSI: 0x00;  MISO: 0x00
1.565817360000000,SPI,MOSI: 0x00;  MISO: 0x00
1.565818440000000,SPI,MOSI: 0x00;  MISO: 0x00
1.565819500000000,SPI,MOSI: 0x00;  MISO: 0x00
1.565820560000000,SPI,MOSI: 0x00;  MISO: 0x00
1.565821640000000,SPI,MOSI: 0x00;  MISO: 0x00
1.565822700000000,SPI,MOSI: 0x00;  MISO: 0x00
1.565823760000000,SPI,MOSI: 0x00;  MISO: 0x00
1.565824840000000,SPI,MOSI: 0x00;  MISO: 0x00
1.565825900000000,SPI,MOSI: 0x00;  MISO: 0x00
1.565826960000000,SPI,MOSI: 0x00;  MISO: 0x00
1.565828040000000,SPI,MOSI: 0x00;  MISO: 0x00
1.565829100000000,SPI,MOSI: 0x00;  MISO: 0x00
1.565830160000000,SPI,MOSI: 0x00;  MISO: 0x00
1.565831240000000,SPI,MOSI: 0x00;  MISO: 0x00
1.565832300000000,SPI,MOSI: 0x00;  MISO: 0x00
1.565833360000000,SPI,MOSI: 0x00;  MISO: 0x00
1.565834440000000,SPI,MOSI: 0x00;  MISO: 0x00
1.565835500000000,SPI,MOSI: 0x00;  MISO: 0x00
1.565836560000000,SPI,MOSI: 0x00;  MISO: 0x00
1.565837620000000,SPI,MOSI: 0x00;  MISO: 0x00
1.565838700000000,SPI,MOSI: 0x00;  MISO: 0x00
1.565839760000000,SPI,MOSI: 0x00;  MISO: 0x00
1.565840840000000,SPI,MOSI: 0x00;  MISO: 0x00
1.565841900000000,SPI,MOSI: 0x00;  MISO: 0x00
1.565842960000000,SPI,MOSI: 0x00;  MISO: 0x00
1.565844040000000,SPI,MOSI: 0x00;  MISO: 0x00
1.565845100000000,SPI,MOSI: 0x00;  MISO: 0x00
1.565846160000000,SPI,MOSI: 0x00;  MISO: 0x00
1.565847240000000,SPI,MOSI: 0x00;  MISO: 0x00
1.565848300000000,SPI,MOSI: 0x00;  MISO: 0x00
1.565849360000000,SPI,MOSI: 0x00;  MISO: 0x00
1.565850440000000,SPI,MOSI: 0x00;  MISO: 0x00
1.565851500000000,SPI,MOSI: 0x00;  MISO: 0x00
1.565852560000000,SPI,MOSI: 0x00;  MISO: 0x00
1.565853640000000,SPI,MOSI: 0x00;  MISO: 0x00
1.565854700000000,SPI,MOSI: 0x00;  MISO: 0x00
1.565855760000000,SPI,MOSI: 0x00;  MISO: 0x00
1.565856840000000,SPI,MOSI: 0x00;  MISO: 0x00
1.565857900000000,SPI,MOSI: 0x00;  MISO: 0x00
1.565858960000000,SPI,MOSI: 0x00;  MISO: 0x00
1.565860040000000,SPI,MOSI: 0x00;  MISO: 0x00
1.565861100000000,SPI,MOSI: 0x00;  MISO: 0x00
1.565862160000000,SPI,MOSI: 0x00;  MISO: 0x00
1.565863240000000,SPI,MOSI: 0x00;  MISO: 0x00
1.565864300000000,SPI,MOSI: 0x00;  MISO: 0x00
1.565865360000000,SPI,MOSI: 0x00;  MISO: 0x00
1.565866440000000,SPI,MOSI: 0x00;  MISO: 0x00
1.565867500000000,SPI,MOSI: 0x00;  MISO: 0x00
1.565868560000000,SPI,MOSI: 0x00;  MISO: 0x00
1.565869640000000,SPI,MOSI: 0x00;  MISO: 0x00
1.565870700000000,SPI,MOSI: 0x00;  MISO: 0x00
1.565871760000000,SPI,MOSI: 0x00;  MISO: 0x00
1.565872840000000,SPI,MOSI: 0x00;  MISO: 0x00
1.565873900000000,SPI,MOSI: 0x00;  MISO: 0x00
1.565874960000000,SPI,MOSI: 0x00;  MISO: 0x00
1.565876040000000,SPI,MOSI: 0x00;  MISO: 0x00
1.565877100000000,SPI,MOSI: 0x00;  MISO: 0x00
1.565878160000000,SPI,MOSI: 0x00;  MISO: 0x00
1.565879240000000,SPI,MOSI: 0x00;  MISO: 0x00
1.565880300000000,SPI,MOSI: 0x00;  MISO: 0x00
1.565881360000000,SPI,MOSI: 0x00;  MISO: 0x00
1.565882440000000,SPI,MOSI: 0x00;  MISO: 0x00
1.565883500000000,SPI,MOSI: 0x00;  MISO: 0x00
1.565884560000000,SPI,MOSI: 0x00;  MISO: 0x00
1.565885640000000,SPI,MOSI: 0x00;  MISO: 0x00
1.565886700000000,SPI,MOSI: 0x00;  MISO: 0x00
1.565887760000000,SPI,MOSI: 0x00;  MISO: 0x00
1.565888840000000,SPI,MOSI: 0x00;  MISO: 0x00
1.565889900000000,SPI,MOSI: 0x00;  MISO: 0x00
1.565890960000000,SPI,MOSI: 0x00;  MISO: 0x00
1.565892040000000,SPI,MOSI: 0x00;  MISO: 0x00
1.565893100000000,SPI,MOSI: 0x00;  MISO: 0x00
1.565894160000000,SPI,MOSI: 0x00;  MISO: 0x00
1.565895240000000,SPI,MOSI: 0x00;  MISO: 0x00
1.565896300000000,SPI,MOSI: 0x00;  MISO: 0x00
1.565897360000000,SPI,MOSI: 0x00;  MISO: 0x00
1.565898440000000,SPI,MOSI: 0x00;  MISO: 0x00
1.565899500000000,SPI,MOSI: 0x00;  MISO: 0x00
1.565900560000000,SPI,MOSI: 0x00;  MISO: 0x00
1.565901640000000,SPI,MOSI: 0x00;  MISO: 0x00
1.565902700000000,SPI,MOSI: 0x00;  MISO: 0x00
1.565903760000000,SPI,MOSI: 0x00;  MISO: 0x00
1.565904840000000,SPI,MOSI: 0x00;  MISO: 0x00
1.565905900000000,SPI,MOSI: 0x00;  MISO: 0x00
1.565906960000000,SPI,MOSI: 0x00;  MISO: 0x00
1.565908040000000,SPI,MOSI: 0x00;  MISO: 0x00
1.565909100000000,SPI,MOSI: 0x00;  MISO: 0x00
1.565910160000000,SPI,MOSI: 0x00;  MISO: 0x00
1.565911240000000,SPI,MOSI: 0x00;  MISO: 0x00
1.565912300000000,SPI,MOSI: 0x00;  MISO: 0x00
1.565913360000000,SPI,MOSI: 0x00;  MISO: 0x00
1.565914440000000,SPI,MOSI: 0x00;  MISO: 0x00
1.565915500000000,SPI,MOSI: 0x00;  MISO: 0x00
1.565916560000000,SPI,MOSI: 0x00;  MISO: 0x00
1.565917640000000,SPI,MOSI: 0x00;  MISO: 0x00
1.565918700000000,SPI,MOSI: 0x00;  MISO: 0x00
1.565919760000000,SPI,MOSI: 0x00;  MISO: 0x00
1.565920840000000,SPI,MOSI: 0x00;  MISO: 0x00
1.565921900000000,SPI,MOSI: 0x00;  MISO: 0x00
1.565922960000000,SPI,MOSI: 0x00;  MISO: 0x00
1.565924040000000,SPI,MOSI: 0x00;  MISO: 0x00
1.565925100000000,SPI,MOSI: 0x00;  MISO: 0x00
1.565926160000000,SPI,MOSI: 0x00;  MISO: 0x00
1.565927240000000,SPI,MOSI: 0x00;  MISO: 0x00
1.565928300000000,SPI,MOSI: 0x00;  MISO: 0x00
1.565929360000000,SPI,MOSI: 0x00;  MISO: 0x00
1.565930440000000,SPI,MOSI: 0x00;  MISO: 0x00
1.565931500000000,SPI,MOSI: 0x00;  MISO: 0x00
1.565932560000000,SPI,MOSI: 0x00;  MISO: 0x00
1.565933640000000,SPI,MOSI: 0x00;  MISO: 0x00
1.565934700000000,SPI,MOSI: 0x00;  MISO: 0x00
1.565935760000000,SPI,MOSI: 0x00;  MISO: 0x00
1.565936840000000,SPI,MOSI: 0x00;  MISO: 0x00
1.565937900000000,SPI,MOSI: 0x00;  MISO: 0x00
1.565938960000000,SPI,MOSI: 0x00;  MISO: 0x00
1.565940040000000,SPI,MOSI: 0x00;  MISO: 0x00
1.565941100000000,SPI,MOSI: 0x00;  MISO: 0x00
1.565942160000000,SPI,MOSI: 0x00;  MISO: 0x00
1.565943240000000,SPI,MOSI: 0x00;  MISO: 0x00
1.565944300000000,SPI,MOSI: 0x00;  MISO: 0x00
1.565945360000000,SPI,MOSI: 0x00;  MISO: 0x00
1.565946440000000,SPI,MOSI: 0x00;  MISO: 0x00
1.565947500000000,SPI,MOSI: 0x00;  MISO: 0x00
1.565948560000000,SPI,MOSI: 0x00;  MISO: 0x00
1.565949640000000,SPI,MOSI: 0x00;  MISO: 0x00
1.565950700000000,SPI,MOSI: 0x00;  MISO: 0x00
1.565951760000000,SPI,MOSI: 0x00;  MISO: 0x00
1.565952840000000,SPI,MOSI: 0x00;  MISO: 0x00
1.565953900000000,SPI,MOSI: 0x00;  MISO: 0x00
1.565954960000000,SPI,MOSI: 0x00;  MISO: 0x00
1.565956040000000,SPI,MOSI: 0x00;  MISO: 0x00
1.565957100000000,SPI,MOSI: 0x00;  MISO: 0x00
1.565958160000000,SPI,MOSI: 0x00;  MISO: 0x00
1.565959240000000,SPI,MOSI: 0x00;  MISO: 0x00
1.565960300000000,SPI,MOSI: 0x00;  MISO: 0x00
1.565961360000000,SPI,MOSI: 0x00;  MISO: 0x00
1.565962440000000,SPI,MOSI: 0x00;  MISO: 0x00
1.565963500000000,SPI,MOSI: 0x00;  MISO: 0x00
1.565964560000000,SPI,MOSI: 0x00;  MISO: 0x00
1.565965640000000,SPI,MOSI: 0x00;  MISO: 0x00
1.565966700000000,SPI,MOSI: 0x00;  MISO: 0x00
1.565967760000000,SPI,MOSI: 0x00;  MISO: 0x00
1.565968840000000,SPI,MOSI: 0x00;  MISO: 0x00
1.565969900000000,SPI,MOSI: 0x00;  MISO: 0x00
1.565970960000000,SPI,MOSI: 0x00;  MISO: 0x00
1.565972040000000,SPI,MOSI: 0x00;  MISO: 0x00
1.565973100000000,SPI,MOSI: 0x00;  MISO: 0x00
1.565974160000000,SPI,MOSI: 0x00;  MISO: 0x00
1.565975240000000,SPI,MOSI: 0x00;  MISO: 0x00
1.565976300000000,SPI,MOSI: 0x00;  MISO: 0x00
1.565977360000000,SPI,MOSI: 0x00;  MISO: 0x00
1.565978440000000,SPI,MOSI: 0x00;  MISO: 0x00
1.565979500000000,SPI,MOSI: 0x00;  MISO: 0x00
1.565980560000000,SPI,MOSI: 0x00;  MISO: 0x00
1.565981640000000,SPI,MOSI: 0x00;  MISO: 0x00
1.565982700000000,SPI,MOSI: 0x00;  MISO: 0x00
1.565983760000000,SPI,MOSI: 0x00;  MISO: 0x00
1.565984840000000,SPI,MOSI: 0x00;  MISO: 0x00
1.565985900000000,SPI,MOSI: 0x00;  MISO: 0x00
1.565986960000000,SPI,MOSI: 0x00;  MISO: 0x00
1.565988040000000,SPI,MOSI: 0x00;  MISO: 0x00
1.565989100000000,SPI,MOSI: 0x00;  MISO: 0x00
1.565990160000000,SPI,MOSI: 0x00;  MISO: 0x00
1.565991240000000,SPI,MOSI: 0x00;  MISO: 0x00
1.565992300000000,SPI,MOSI: 0x00;  MISO: 0x00
1.565993360000000,SPI,MOSI: 0x00;  MISO: 0x00
1.565994440000000,SPI,MOSI: 0x00;  MISO: 0x00
1.565995500000000,SPI,MOSI: 0x00;  MISO: 0x00
1.565996560000000,SPI,MOSI: 0x00;  MISO: 0x00
1.565997640000000,SPI,MOSI: 0x00;  MISO: 0x00
1.565998700000000,SPI,MOSI: 0x00;  MISO: 0x00
1.565999760000000,SPI,MOSI: 0x00;  MISO: 0x00
1.566000840000000,SPI,MOSI: 0x00;  MISO: 0x00
1.566001900000000,SPI,MOSI: 0x00;  MISO: 0x00
1.566002960000000,SPI,MOSI: 0x00;  MISO: 0x00
1.566004040000000,SPI,MOSI: 0x00;  MISO: 0x00
1.566005100000000,SPI,MOSI: 0x00;  MISO: 0x00
1.566006160000000,SPI,MOSI: 0x00;  MISO: 0x00
1.566007240000000,SPI,MOSI: 0x00;  MISO: 0x00
1.566008300000000,SPI,MOSI: 0x00;  MISO: 0x00
1.566009360000000,SPI,MOSI: 0x00;  MISO: 0x00
1.566010440000000,SPI,MOSI: 0x00;  MISO: 0x00
1.566011500000000,SPI,MOSI: 0x00;  MISO: 0x00
1.566012560000000,SPI,MOSI: 0x00;  MISO: 0x00
1.566013640000000,SPI,MOSI: 0x00;  MISO: 0x00
1.566014700000000,SPI,MOSI: 0x00;  MISO: 0x00
1.566015760000000,SPI,MOSI: 0x00;  MISO: 0x00
1.566016840000000,SPI,MOSI: 0x00;  MISO: 0x00
1.566017900000000,SPI,MOSI: 0x00;  MISO: 0x00
1.566018960000000,SPI,MOSI: 0x00;  MISO: 0x00
1.566020040000000,SPI,MOSI: 0x00;  MISO: 0x00
1.566021100000000,SPI,MOSI: 0x00;  MISO: 0x00
1.566022160000000,SPI,MOSI: 0x00;  MISO: 0x00
1.566023240000000,SPI,MOSI: 0x00;  MISO: 0x00
1.566024300000000,SPI,MOSI: 0x00;  MISO: 0x00
1.566025360000000,SPI,MOSI: 0x00;  MISO: 0x00
1.566026440000000,SPI,MOSI: 0x00;  MISO: 0x00
1.566027500000000,SPI,MOSI: 0x00;  MISO: 0x00
1.566028560000000,SPI,MOSI: 0x00;  MISO: 0x00
1.566029640000000,SPI,MOSI: 0x00;  MISO: 0x00
1.566030700000000,SPI,MOSI: 0x00;  MISO: 0x00
1.566031760000000,SPI,MOSI: 0x00;  MISO: 0x00
1.566032840000000,SPI,MOSI: 0x00;  MISO: 0x00
1.566033900000000,SPI,MOSI: 0x00;  MISO: 0x00
1.566034960000000,SPI,MOSI: 0x00;  MISO: 0x00
1.566036040000000,SPI,MOSI: 0x00;  MISO: 0x00
1.566037100000000,SPI,MOSI: 0x00;  MISO: 0x00
1.566038160000000,SPI,MOSI: 0x00;  MISO: 0x00
1.566039240000000,SPI,MOSI: 0x00;  MISO: 0x00
1.566040300000000,SPI,MOSI: 0x00;  MISO: 0x00
1.566041360000000,SPI,MOSI: 0x00;  MISO: 0x00
1.566042440000000,SPI,MOSI: 0x00;  MISO: 0x00
1.566043500000000,SPI,MOSI: 0x00;  MISO: 0x00
1.566044560000000,SPI,MOSI: 0x00;  MISO: 0x00
1.566045640000000,SPI,MOSI: 0x00;  MISO: 0x00
1.566046700000000,SPI,MOSI: 0x00;  MISO: 0x00
1.566047760000000,SPI,MOSI: 0x00;  MISO: 0x00
1.566048840000000,SPI,MOSI: 0x00;  MISO: 0x00
1.566049900000000,SPI,MOSI: 0x00;  MISO: 0x00
1.566050960000000,SPI,MOSI: 0x00;  MISO: 0x00
1.566052040000000,SPI,MOSI: 0x00;  MISO: 0x00
1.566053100000000,SPI,MOSI: 0x00;  MISO: 0x00
1.566054180000000,SPI,MOSI: 0x00;  MISO: 0x00
1.566055240000000,SPI,MOSI: 0x00;  MISO: 0x00
1.566056300000000,SPI,MOSI: 0x00;  MISO: 0x00
1.566057380000000,SPI,MOSI: 0x00;  MISO: 0x00
1.566058440000000,SPI,MOSI: 0x00;  MISO: 0x00
1.566059500000000,SPI,MOSI: 0x00;  MISO: 0x00
1.566060580000000,SPI,MOSI: 0x00;  MISO: 0x00
1.566061640000000,SPI,MOSI: 0x00;  MISO: 0x00
1.566062700000000,SPI,MOSI: 0x00;  MISO: 0x00
1.566063780000000,SPI,MOSI: 0x00;  MISO: 0x00
1.566064840000000,SPI,MOSI: 0x00;  MISO: 0x00
1.566065900000000,SPI,MOSI: 0x00;  MISO: 0x00
1.566066960000000,SPI,MOSI: 0x00;  MISO: 0x00
1.566068040000000,SPI,MOSI: 0x00;  MISO: 0x00
1.566069100000000,SPI,MOSI: 0x00;  MISO: 0x00
1.566070160000000,SPI,MOSI: 0x00;  MISO: 0x00
1.566071240000000,SPI,MOSI: 0x00;  MISO: 0x00
1.566072300000000,SPI,MOSI: 0x00;  MISO: 0x00
1.566073360000000,SPI,MOSI: 0x00;  MISO: 0x00
1.566074440000000,SPI,MOSI: 0x00;  MISO: 0x00
1.566075500000000,SPI,MOSI: 0x00;  MISO: 0x00
1.566076560000000,SPI,MOSI: 0x00;  MISO: 0x00
1.566077640000000,SPI,MOSI: 0x00;  MISO: 0x00
1.566078700000000,SPI,MOSI: 0x00;  MISO: 0x00
1.566079780000000,SPI,MOSI: 0x00;  MISO: 0x00
1.566080840000000,SPI,MOSI: 0x00;  MISO: 0x00
1.566081900000000,SPI,MOSI: 0x00;  MISO: 0x00
1.566082980000000,SPI,MOSI: 0x00;  MISO: 0x00
1.566084040000000,SPI,MOSI: 0x00;  MISO: 0x00
1.566085100000000,SPI,MOSI: 0x00;  MISO: 0x00
1.566086160000000,SPI,MOSI: 0x00;  MISO: 0x00
1.566087240000000,SPI,MOSI: 0x00;  MISO: 0x00
1.566088300000000,SPI,MOSI: 0x00;  MISO: 0x00
1.566089360000000,SPI,MOSI: 0x00;  MISO: 0x00
1.566090440000000,SPI,MOSI: 0x00;  MISO: 0x00
1.566091500000000,SPI,MOSI: 0x00;  MISO: 0x00
1.566092560000000,SPI,MOSI: 0x00;  MISO: 0x00
1.566093640000000,SPI,MOSI: 0x00;  MISO: 0x00
1.566094700000000,SPI,MOSI: 0x00;  MISO: 0x00
1.566095760000000,SPI,MOSI: 0x00;  MISO: 0x00
1.566096840000000,SPI,MOSI: 0x00;  MISO: 0x00
1.566097900000000,SPI,MOSI: 0x00;  MISO: 0x00
1.566098960000000,SPI,MOSI: 0x00;  MISO: 0x00
1.566100040000000,SPI,MOSI: 0x00;  MISO: 0x00
1.566101100000000,SPI,MOSI: 0x00;  MISO: 0x00
1.566102160000000,SPI,MOSI: 0x00;  MISO: 0x00
1.566103240000000,SPI,MOSI: 0x00;  MISO: 0x00
1.566104300000000,SPI,MOSI: 0x00;  MISO: 0x00
1.566105360000000,SPI,MOSI: 0x00;  MISO: 0x00
1.566106440000000,SPI,MOSI: 0x00;  MISO: 0x00
1.566107500000000,SPI,MOSI: 0x00;  MISO: 0x00
1.566108560000000,SPI,MOSI: 0x00;  MISO: 0x00
1.566109640000000,SPI,MOSI: 0x00;  MISO: 0x00
1.566110700000000,SPI,MOSI: 0x00;  MISO: 0x00
1.566111760000000,SPI,MOSI: 0x00;  MISO: 0x00
1.566112840000000,SPI,MOSI: 0x00;  MISO: 0x00
1.566113900000000,SPI,MOSI: 0x00;  MISO: 0x00
1.566114960000000,SPI,MOSI: 0x00;  MISO: 0x00
1.566116040000000,SPI,MOSI: 0x00;  MISO: 0x00
1.566117100000000,SPI,MOSI: 0x00;  MISO: 0x00
1.566118180000000,SPI,MOSI: 0x00;  MISO: 0x00
1.566119240000000,SPI,MOSI: 0x00;  MISO: 0x00
1.566120300000000,SPI,MOSI: 0x00;  MISO: 0x00
1.566121380000000,SPI,MOSI: 0x00;  MISO: 0x00
1.566122440000000,SPI,MOSI: 0x00;  MISO: 0x00
1.566123500000000,SPI,MOSI: 0x00;  MISO: 0x00
1.566124580000000,SPI,MOSI: 0x00;  MISO: 0x00
1.566125640000000,SPI,MOSI: 0x00;  MISO: 0x00
1.566126700000000,SPI,MOSI: 0x00;  MISO: 0x00
1.566127760000000,SPI,MOSI: 0x00;  MISO: 0x00
1.566128840000000,SPI,MOSI: 0x00;  MISO: 0x00
1.566129900000000,SPI,MOSI: 0x00;  MISO: 0x00
1.566130980000000,SPI,MOSI: 0x00;  MISO: 0x00
1.566132040000000,SPI,MOSI: 0x00;  MISO: 0x00
1.566133100000000,SPI,MOSI: 0x00;  MISO: 0x00
1.566134180000000,SPI,MOSI: 0x00;  MISO: 0x00
1.566135240000000,SPI,MOSI: 0x00;  MISO: 0x00
1.566136300000000,SPI,MOSI: 0x00;  MISO: 0x00
1.566137380000000,SPI,MOSI: 0x00;  MISO: 0x00
1.566138440000000,SPI,MOSI: 0x00;  MISO: 0x00
1.566139500000000,SPI,MOSI: 0x00;  MISO: 0x00
1.566140580000000,SPI,MOSI: 0x00;  MISO: 0x00
1.566141640000000,SPI,MOSI: 0x00;  MISO: 0x00
1.566142700000000,SPI,MOSI: 0x00;  MISO: 0x00
1.566143780000000,SPI,MOSI: 0x00;  MISO: 0x00
1.566144840000000,SPI,MOSI: 0x00;  MISO: 0x00
1.566145900000000,SPI,MOSI: 0x00;  MISO: 0x00
1.566146980000000,SPI,MOSI: 0x00;  MISO: 0x00
1.566148040000000,SPI,MOSI: 0x00;  MISO: 0x00
1.566149100000000,SPI,MOSI: 0x00;  MISO: 0x00
1.566150160000000,SPI,MOSI: 0x00;  MISO: 0x00
1.566151240000000,SPI,MOSI: 0x00;  MISO: 0x00
1.566152300000000,SPI,MOSI: 0x00;  MISO: 0x00
1.566153380000000,SPI,MOSI: 0x00;  MISO: 0x00
1.566154440000000,SPI,MOSI: 0x00;  MISO: 0x00
1.566155500000000,SPI,MOSI: 0x00;  MISO: 0x00
1.566156580000000,SPI,MOSI: 0x00;  MISO: 0x00
1.566157640000000,SPI,MOSI: 0x00;  MISO: 0x00
1.566158700000000,SPI,MOSI: 0x00;  MISO: 0x00
1.566159780000000,SPI,MOSI: 0x00;  MISO: 0x00
1.566160840000000,SPI,MOSI: 0x00;  MISO: 0x00
1.566161900000000,SPI,MOSI: 0x00;  MISO: 0x00
1.566162980000000,SPI,MOSI: 0x00;  MISO: 0x00
1.566164040000000,SPI,MOSI: 0x00;  MISO: 0x00
1.566165100000000,SPI,MOSI: 0x00;  MISO: 0x00
1.566166180000000,SPI,MOSI: 0x00;  MISO: 0x00
1.566167240000000,SPI,MOSI: 0x00;  MISO: 0x00
1.566168300000000,SPI,MOSI: 0x00;  MISO: 0x00
1.566169380000000,SPI,MOSI: 0x00;  MISO: 0x00
1.566170440000000,SPI,MOSI: 0x00;  MISO: 0x00
1.566171500000000,SPI,MOSI: 0x00;  MISO: 0x00
1.566172580000000,SPI,MOSI: 0x00;  MISO: 0x00
1.566173640000000,SPI,MOSI: 0x00;  MISO: 0x00
1.566174700000000,SPI,MOSI: 0x00;  MISO: 0x00
1.566175760000000,SPI,MOSI: 0x00;  MISO: 0x00
1.566176840000000,SPI,MOSI: 0x00;  MISO: 0x00
1.566177900000000,SPI,MOSI: 0x00;  MISO: 0x00
1.566178960000000,SPI,MOSI: 0x00;  MISO: 0x00
1.566180040000000,SPI,MOSI: 0x00;  MISO: 0x00
1.566181100000000,SPI,MOSI: 0x00;  MISO: 0x00
1.566182180000000,SPI,MOSI: 0x00;  MISO: 0x00
1.566183240000000,SPI,MOSI: 0x00;  MISO: 0x00
1.566184300000000,SPI,MOSI: 0x00;  MISO: 0x00
1.566185380000000,SPI,MOSI: 0x00;  MISO: 0x00
1.566186440000000,SPI,MOSI: 0x00;  MISO: 0x00
1.566187500000000,SPI,MOSI: 0x00;  MISO: 0x00
1.566188580000000,SPI,MOSI: 0x00;  MISO: 0x00
1.566189640000000,SPI,MOSI: 0x00;  MISO: 0x00
1.566190700000000,SPI,MOSI: 0x00;  MISO: 0x00
1.566191780000000,SPI,MOSI: 0x00;  MISO: 0x00
1.566192840000000,SPI,MOSI: 0x00;  MISO: 0x00
1.566193900000000,SPI,MOSI: 0x00;  MISO: 0x00
1.566194980000000,SPI,MOSI: 0x00;  MISO: 0x00
1.566196040000000,SPI,MOSI: 0x00;  MISO: 0x00
1.566197100000000,SPI,MOSI: 0x00;  MISO: 0x00
1.566198180000000,SPI,MOSI: 0x00;  MISO: 0x00
1.566199240000000,SPI,MOSI: 0x00;  MISO: 0x00
1.566200300000000,SPI,MOSI: 0x00;  MISO: 0x00
1.566201380000000,SPI,MOSI: 0x00;  MISO: 0x00
1.566202440000000,SPI,MOSI: 0x00;  MISO: 0x00
1.566203500000000,SPI,MOSI: 0x00;  MISO: 0x00
1.566204580000000,SPI,MOSI: 0x00;  MISO: 0x00
1.566205640000000,SPI,MOSI: 0x00;  MISO: 0x00
1.566206700000000,SPI,MOSI: 0x00;  MISO: 0x00
1.566207780000000,SPI,MOSI: 0x00;  MISO: 0x00
1.566208840000000,SPI,MOSI: 0x00;  MISO: 0x00
1.566209900000000,SPI,MOSI: 0x00;  MISO: 0x00
1.566210980000000,SPI,MOSI: 0x00;  MISO: 0x00
1.566212040000000,SPI,MOSI: 0x00;  MISO: 0x00
1.566213100000000,SPI,MOSI: 0x00;  MISO: 0x00
1.566214180000000,SPI,MOSI: 0x00;  MISO: 0x00
1.566215240000000,SPI,MOSI: 0x00;  MISO: 0x00
1.566216300000000,SPI,MOSI: 0x00;  MISO: 0x00
1.566217380000000,SPI,MOSI: 0x00;  MISO: 0x00
1.566218440000000,SPI,MOSI: 0x00;  MISO: 0x00
1.566219500000000,SPI,MOSI: 0x00;  MISO: 0x00
1.566220580000000,SPI,MOSI: 0x00;  MISO: 0x00
1.566221640000000,SPI,MOSI: 0x00;  MISO: 0x00
1.566222700000000,SPI,MOSI: 0x00;  MISO: 0x00
1.566223780000000,SPI,MOSI: 0x00;  MISO: 0x00
1.566224840000000,SPI,MOSI: 0x00;  MISO: 0x00
1.566225900000000,SPI,MOSI: 0x00;  MISO: 0x00
1.566226980000000,SPI,MOSI: 0x00;  MISO: 0x00
1.566228040000000,SPI,MOSI: 0x00;  MISO: 0x00
1.566229100000000,SPI,MOSI: 0x00;  MISO: 0x00
1.566230180000000,SPI,MOSI: 0x00;  MISO: 0x00
1.566231240000000,SPI,MOSI: 0x00;  MISO: 0x00
1.566232300000000,SPI,MOSI: 0x00;  MISO: 0x00
1.566233380000000,SPI,MOSI: 0x00;  MISO: 0x00
1.566234440000000,SPI,MOSI: 0x00;  MISO: 0x00
1.566235500000000,SPI,MOSI: 0x00;  MISO: 0x00
1.566236580000000,SPI,MOSI: 0x00;  MISO: 0x00
1.566237640000000,SPI,MOSI: 0x00;  MISO: 0x00
1.566238700000000,SPI,MOSI: 0x00;  MISO: 0x00
1.566239780000000,SPI,MOSI: 0x00;  MISO: 0x00
1.566240840000000,SPI,MOSI: 0x00;  MISO: 0x00
1.566241900000000,SPI,MOSI: 0x00;  MISO: 0x00
1.566242980000000,SPI,MOSI: 0x00;  MISO: 0x00
1.566244040000000,SPI,MOSI: 0x00;  MISO: 0x00
1.566245100000000,SPI,MOSI: 0x00;  MISO: 0x00
1.566246180000000,SPI,MOSI: 0x00;  MISO: 0x00
1.566247240000000,SPI,MOSI: 0x00;  MISO: 0x00
1.566248300000000,SPI,MOSI: 0x00;  MISO: 0x00
1.566249380000000,SPI,MOSI: 0x00;  MISO: 0x00
1.566250440000000,SPI,MOSI: 0x00;  MISO: 0x00
1.566251500000000,SPI,MOSI: 0x00;  MISO: 0x00
1.566252580000000,SPI,MOSI: 0x00;  MISO: 0x00
1.566253640000000,SPI,MOSI: 0x00;  MISO: 0x00
1.566254700000000,SPI,MOSI: 0x00;  MISO: 0x00
1.566255780000000,SPI,MOSI: 0x00;  MISO: 0x00
1.566256840000000,SPI,MOSI: 0x00;  MISO: 0x00
1.566257900000000,SPI,MOSI: 0x00;  MISO: 0x00
1.566258980000000,SPI,MOSI: 0x00;  MISO: 0x00
1.566260040000000,SPI,MOSI: 0x00;  MISO: 0x00
1.566261100000000,SPI,MOSI: 0x00;  MISO: 0x00
1.566262180000000,SPI,MOSI: 0x00;  MISO: 0x00
1.566263240000000,SPI,MOSI: 0x00;  MISO: 0x00
1.566264300000000,SPI,MOSI: 0x00;  MISO: 0x00
1.566265380000000,SPI,MOSI: 0x00;  MISO: 0x00
1.566266440000000,SPI,MOSI: 0x00;  MISO: 0x00
1.566267500000000,SPI,MOSI: 0x00;  MISO: 0x00
1.566268580000000,SPI,MOSI: 0x00;  MISO: 0x00
1.566269640000000,SPI,MOSI: 0x00;  MISO: 0x00
1.566270700000000,SPI,MOSI: 0x00;  MISO: 0x00
1.566271780000000,SPI,MOSI: 0x00;  MISO: 0x00
1.566272840000000,SPI,MOSI: 0x00;  MISO: 0x00
1.566273900000000,SPI,MOSI: 0x00;  MISO: 0x00
1.566274980000000,SPI,MOSI: 0x00;  MISO: 0x00
1.566276040000000,SPI,MOSI: 0x00;  MISO: 0x00
1.566277100000000,SPI,MOSI: 0x00;  MISO: 0x00
1.566278180000000,SPI,MOSI: 0x00;  MISO: 0x00
1.566279240000000,SPI,MOSI: 0x00;  MISO: 0x00
1.566280300000000,SPI,MOSI: 0x00;  MISO: 0x00
1.566281380000000,SPI,MOSI: 0x00;  MISO: 0x00
1.566282440000000,SPI,MOSI: 0x00;  MISO: 0x00
1.566283500000000,SPI,MOSI: 0x00;  MISO: 0x00
1.566284580000000,SPI,MOSI: 0x00;  MISO: 0x00
1.566285640000000,SPI,MOSI: 0x00;  MISO: 0x00
1.566286700000000,SPI,MOSI: 0x00;  MISO: 0x00
1.566287780000000,SPI,MOSI: 0x00;  MISO: 0x00
1.566288840000000,SPI,MOSI: 0x00;  MISO: 0x00
1.566289900000000,SPI,MOSI: 0x00;  MISO: 0x00
1.566290980000000,SPI,MOSI: 0x00;  MISO: 0x00
1.566292040000000,SPI,MOSI: 0x00;  MISO: 0x00
1.566293100000000,SPI,MOSI: 0x00;  MISO: 0x00
1.566294180000000,SPI,MOSI: 0x00;  MISO: 0x00
1.566295240000000,SPI,MOSI: 0x00;  MISO: 0x00
1.566296300000000,SPI,MOSI: 0x00;  MISO: 0x00
1.566297380000000,SPI,MOSI: 0x00;  MISO: 0x00
1.566298440000000,SPI,MOSI: 0x00;  MISO: 0x00
1.566299500000000,SPI,MOSI: 0x00;  MISO: 0x00
1.566300580000000,SPI,MOSI: 0x00;  MISO: 0x00
1.566301640000000,SPI,MOSI: 0x00;  MISO: 0x00
1.566302700000000,SPI,MOSI: 0x00;  MISO: 0x00
1.566303780000000,SPI,MOSI: 0x00;  MISO: 0x00
1.566304840000000,SPI,MOSI: 0x00;  MISO: 0x00
1.566305900000000,SPI,MOSI: 0x00;  MISO: 0x00
1.566306980000000,SPI,MOSI: 0x00;  MISO: 0x00
1.566308040000000,SPI,MOSI: 0x00;  MISO: 0x00
1.566309100000000,SPI,MOSI: 0x00;  MISO: 0x00
1.566310180000000,SPI,MOSI: 0x00;  MISO: 0x00
1.566311240000000,SPI,MOSI: 0x00;  MISO: 0x00
1.566312300000000,SPI,MOSI: 0x00;  MISO: 0x00
1.566313380000000,SPI,MOSI: 0x00;  MISO: 0x00
1.566314440000000,SPI,MOSI: 0x00;  MISO: 0x00
1.566315500000000,SPI,MOSI: 0x00;  MISO: 0x00
1.566316580000000,SPI,MOSI: 0x00;  MISO: 0x00
1.566317640000000,SPI,MOSI: 0x00;  MISO: 0x00
1.566318700000000,SPI,MOSI: 0x00;  MISO: 0x00
1.566319780000000,SPI,MOSI: 0x00;  MISO: 0x00
1.566320840000000,SPI,MOSI: 0x00;  MISO: 0x00
1.566321900000000,SPI,MOSI: 0x00;  MISO: 0x00
1.566322980000000,SPI,MOSI: 0x00;  MISO: 0x00
1.566324040000000,SPI,MOSI: 0x00;  MISO: 0x00
1.566325100000000,SPI,MOSI: 0x00;  MISO: 0x00
1.566326180000000,SPI,MOSI: 0x00;  MISO: 0x00
1.566327240000000,SPI,MOSI: 0x00;  MISO: 0x00
1.566328300000000,SPI,MOSI: 0x00;  MISO: 0x00
1.566329380000000,SPI,MOSI: 0x00;  MISO: 0x00
1.566330440000000,SPI,MOSI: 0x00;  MISO: 0x00
1.566331500000000,SPI,MOSI: 0x00;  MISO: 0x00
1.566332580000000,SPI,MOSI: 0x00;  MISO: 0x00
1.566333640000000,SPI,MOSI: 0x00;  MISO: 0x00
1.566334700000000,SPI,MOSI: 0x00;  MISO: 0x00
1.566335780000000,SPI,MOSI: 0x00;  MISO: 0x00
1.566336840000000,SPI,MOSI: 0x00;  MISO: 0x00
1.566337900000000,SPI,MOSI: 0x00;  MISO: 0x00
1.566338980000000,SPI,MOSI: 0x00;  MISO: 0x00
1.566340040000000,SPI,MOSI: 0x00;  MISO: 0x00
1.566341100000000,SPI,MOSI: 0x00;  MISO: 0x00
1.566342180000000,SPI,MOSI: 0x00;  MISO: 0x00
1.566343240000000,SPI,MOSI: 0x00;  MISO: 0x00
1.566344300000000,SPI,MOSI: 0x00;  MISO: 0x00
1.566345380000000,SPI,MOSI: 0x00;  MISO: 0x00
1.566346440000000,SPI,MOSI: 0x00;  MISO: 0x00
1.566347500000000,SPI,MOSI: 0x00;  MISO: 0x00
1.566348580000000,SPI,MOSI: 0x00;  MISO: 0x00
1.566349640000000,SPI,MOSI: 0x00;  MISO: 0x00
1.566350700000000,SPI,MOSI: 0x00;  MISO: 0x00
1.566351780000000,SPI,MOSI: 0x00;  MISO: 0x00
1.566352840000000,SPI,MOSI: 0x00;  MISO: 0x00
1.566353900000000,SPI,MOSI: 0x00;  MISO: 0x00
1.566354980000000,SPI,MOSI: 0x00;  MISO: 0x00
1.566356040000000,SPI,MOSI: 0x00;  MISO: 0x00
1.566357100000000,SPI,MOSI: 0x00;  MISO: 0x00
1.566358180000000,SPI,MOSI: 0x00;  MISO: 0x00
1.566359240000000,SPI,MOSI: 0x00;  MISO: 0x00
1.566360300000000,SPI,MOSI: 0x00;  MISO: 0x00
1.566361380000000,SPI,MOSI: 0x00;  MISO: 0x00
1.566362440000000,SPI,MOSI: 0x00;  MISO: 0x00
1.566363500000000,SPI,MOSI: 0x00;  MISO: 0x00
1.566364580000000,SPI,MOSI: 0x00;  MISO: 0x00
1.566365640000000,SPI,MOSI: 0x00;  MISO: 0x00
1.566366700000000,SPI,MOSI: 0x00;  MISO: 0x00
1.566367780000000,SPI,MOSI: 0x00;  MISO: 0x00
1.566368840000000,SPI,MOSI: 0x00;  MISO: 0x00
1.566369900000000,SPI,MOSI: 0x00;  MISO: 0x00
1.566370980000000,SPI,MOSI: 0x00;  MISO: 0x00
1.566372040000000,SPI,MOSI: 0x00;  MISO: 0x00
1.566373100000000,SPI,MOSI: 0x00;  MISO: 0x00
1.566374180000000,SPI,MOSI: 0x00;  MISO: 0x00
1.566375240000000,SPI,MOSI: 0x00;  MISO: 0x00
1.566376320000000,SPI,MOSI: 0x00;  MISO: 0x00
1.566377380000000,SPI,MOSI: 0x00;  MISO: 0x00
1.566378440000000,SPI,MOSI: 0x00;  MISO: 0x00
1.566379500000000,SPI,MOSI: 0x00;  MISO: 0x00
1.566380580000000,SPI,MOSI: 0x00;  MISO: 0x00
1.566381640000000,SPI,MOSI: 0x00;  MISO: 0x00
1.566382700000000,SPI,MOSI: 0x00;  MISO: 0x00
1.566383780000000,SPI,MOSI: 0x00;  MISO: 0x00
1.566384840000000,SPI,MOSI: 0x00;  MISO: 0x00
1.566385900000000,SPI,MOSI: 0x00;  MISO: 0x00
1.566386980000000,SPI,MOSI: 0x00;  MISO: 0x00
1.566388040000000,SPI,MOSI: 0x00;  MISO: 0x00
1.566389100000000,SPI,MOSI: 0x00;  MISO: 0x00
1.566390180000000,SPI,MOSI: 0x00;  MISO: 0x00
1.566391240000000,SPI,MOSI: 0x00;  MISO: 0x00
1.566392300000000,SPI,MOSI: 0x00;  MISO: 0x00
1.566393380000000,SPI,MOSI: 0x00;  MISO: 0x00
1.566394440000000,SPI,MOSI: 0x00;  MISO: 0x00
1.566395500000000,SPI,MOSI: 0x00;  MISO: 0x00
1.566396580000000,SPI,MOSI: 0x00;  MISO: 0x00
1.566397640000000,SPI,MOSI: 0x00;  MISO: 0x00
1.566398700000000,SPI,MOSI: 0x00;  MISO: 0x00
1.566399780000000,SPI,MOSI: 0x00;  MISO: 0x00
1.566400840000000,SPI,MOSI: 0x00;  MISO: 0x00
1.566401900000000,SPI,MOSI: 0x00;  MISO: 0x00
1.566402980000000,SPI,MOSI: 0x00;  MISO: 0x00
1.566404040000000,SPI,MOSI: 0x00;  MISO: 0x00
1.566405100000000,SPI,MOSI: 0x00;  MISO: 0x00
1.566406180000000,SPI,MOSI: 0x00;  MISO: 0x00
1.566407240000000,SPI,MOSI: 0x00;  MISO: 0x00
1.566408300000000,SPI,MOSI: 0x00;  MISO: 0x00
1.566409380000000,SPI,MOSI: 0x00;  MISO: 0x00
1.566410440000000,SPI,MOSI: 0x00;  MISO: 0x00
1.566411500000000,SPI,MOSI: 0x00;  MISO: 0x00
1.566412580000000,SPI,MOSI: 0x00;  MISO: 0x00
1.566413640000000,SPI,MOSI: 0x00;  MISO: 0x00
1.566414700000000,SPI,MOSI: 0x00;  MISO: 0x00
1.566415780000000,SPI,MOSI: 0x00;  MISO: 0x00
1.566416840000000,SPI,MOSI: 0x00;  MISO: 0x00
1.566417900000000,SPI,MOSI: 0x00;  MISO: 0x00
1.566418980000000,SPI,MOSI: 0x00;  MISO: 0x00
1.566420040000000,SPI,MOSI: 0x00;  MISO: 0x00
1.566421100000000,SPI,MOSI: 0x00;  MISO: 0x00
1.566422180000000,SPI,MOSI: 0x00;  MISO: 0x00
1.566423240000000,SPI,MOSI: 0x00;  MISO: 0x00
1.566424300000000,SPI,MOSI: 0x00;  MISO: 0x00
1.566425380000000,SPI,MOSI: 0x00;  MISO: 0x00
1.566426440000000,SPI,MOSI: 0x00;  MISO: 0x00
1.566427500000000,SPI,MOSI: 0x00;  MISO: 0x00
1.566428580000000,SPI,MOSI: 0x00;  MISO: 0x00
1.566429640000000,SPI,MOSI: 0x00;  MISO: 0x00
1.566430700000000,SPI,MOSI: 0x00;  MISO: 0x00
1.566431780000000,SPI,MOSI: 0x00;  MISO: 0x00
1.566432840000000,SPI,MOSI: 0x00;  MISO: 0x00
1.566433900000000,SPI,MOSI: 0x00;  MISO: 0x00
1.566434980000000,SPI,MOSI: 0x00;  MISO: 0x00
1.566436040000000,SPI,MOSI: 0x00;  MISO: 0x00
1.566437100000000,SPI,MOSI: 0x00;  MISO: 0x00
1.566438180000000,SPI,MOSI: 0x00;  MISO: 0x00
1.566439240000000,SPI,MOSI: 0x00;  MISO: 0x00
1.566440300000000,SPI,MOSI: 0x00;  MISO: 0x00
1.566441380000000,SPI,MOSI: 0x00;  MISO: 0x00
1.566442440000000,SPI,MOSI: 0x00;  MISO: 0x00
1.566443520000000,SPI,MOSI: 0x00;  MISO: 0x00
1.566444580000000,SPI,MOSI: 0x00;  MISO: 0x00
1.566445640000000,SPI,MOSI: 0x00;  MISO: 0x00
1.566446720000000,SPI,MOSI: 0x00;  MISO: 0x00
1.566447780000000,SPI,MOSI: 0x00;  MISO: 0x00
1.566448840000000,SPI,MOSI: 0x00;  MISO: 0x00
1.566449920000000,SPI,MOSI: 0x00;  MISO: 0x00
1.566450980000000,SPI,MOSI: 0x00;  MISO: 0x00
1.566452040000000,SPI,MOSI: 0x00;  MISO: 0x00
1.566453120000000,SPI,MOSI: 0x00;  MISO: 0x00
1.566454180000000,SPI,MOSI: 0x00;  MISO: 0x00
1.566455240000000,SPI,MOSI: 0x00;  MISO: 0x00
1.566456320000000,SPI,MOSI: 0x00;  MISO: 0x00
1.566457380000000,SPI,MOSI: 0x00;  MISO: 0x00
1.566458440000000,SPI,MOSI: 0x00;  MISO: 0x00
1.566459520000000,SPI,MOSI: 0x00;  MISO: 0x00
1.566460580000000,SPI,MOSI: 0x00;  MISO: 0x00
1.566461640000000,SPI,MOSI: 0x00;  MISO: 0x00
1.566462720000000,SPI,MOSI: 0x00;  MISO: 0x00
1.566463780000000,SPI,MOSI: 0x00;  MISO: 0x00
1.566464840000000,SPI,MOSI: 0x00;  MISO: 0x00
1.566465900000000,SPI,MOSI: 0x00;  MISO: 0x00
1.566466980000000,SPI,MOSI: 0x00;  MISO: 0x00
1.566468040000000,SPI,MOSI: 0x00;  MISO: 0x00
1.566469100000000,SPI,MOSI: 0x00;  MISO: 0x00
1.566470180000000,SPI,MOSI: 0x00;  MISO: 0x00
1.566471240000000,SPI,MOSI: 0x00;  MISO: 0x00
1.566472300000000,SPI,MOSI: 0x00;  MISO: 0x00
1.566473380000000,SPI,MOSI: 0x00;  MISO: 0x00
1.566474440000000,SPI,MOSI: 0x00;  MISO: 0x00
1.566475500000000,SPI,MOSI: 0x00;  MISO: 0x00
1.566476580000000,SPI,MOSI: 0x00;  MISO: 0x00
1.566477640000000,SPI,MOSI: 0x00;  MISO: 0x00
1.566478720000000,SPI,MOSI: 0x00;  MISO: 0x00
1.566479780000000,SPI,MOSI: 0x00;  MISO: 0x00
1.566480840000000,SPI,MOSI: 0x00;  MISO: 0x00
1.566481920000000,SPI,MOSI: 0x00;  MISO: 0x00
1.566482980000000,SPI,MOSI: 0x00;  MISO: 0x00
1.566484040000000,SPI,MOSI: 0x00;  MISO: 0x00
1.566485120000000,SPI,MOSI: 0x00;  MISO: 0x00
1.566486180000000,SPI,MOSI: 0x00;  MISO: 0x00
1.566487240000000,SPI,MOSI: 0x00;  MISO: 0x00
1.566488320000000,SPI,MOSI: 0x00;  MISO: 0x00
1.566489380000000,SPI,MOSI: 0x00;  MISO: 0x00
1.566490440000000,SPI,MOSI: 0x00;  MISO: 0x00
1.566491520000000,SPI,MOSI: 0x00;  MISO: 0x00
1.566492580000000,SPI,MOSI: 0x00;  MISO: 0x00
1.566493640000000,SPI,MOSI: 0x00;  MISO: 0x00
1.566494720000000,SPI,MOSI: 0x00;  MISO: 0x00
1.566495780000000,SPI,MOSI: 0x00;  MISO: 0x00
1.566496840000000,SPI,MOSI: 0x00;  MISO: 0x00
1.566497900000000,SPI,MOSI: 0x00;  MISO: 0x00
1.566498980000000,SPI,MOSI: 0x00;  MISO: 0x00
1.566500040000000,SPI,MOSI: 0x00;  MISO: 0x00
1.566501120000000,SPI,MOSI: 0x00;  MISO: 0x00
1.566502180000000,SPI,MOSI: 0x00;  MISO: 0x00
1.566503240000000,SPI,MOSI: 0x00;  MISO: 0x00
1.566504300000000,SPI,MOSI: 0x00;  MISO: 0x00
1.566505380000000,SPI,MOSI: 0x00;  MISO: 0x00
1.566506440000000,SPI,MOSI: 0x00;  MISO: 0x00
1.566507500000000,SPI,MOSI: 0x00;  MISO: 0x00
1.566508580000000,SPI,MOSI: 0x00;  MISO: 0x00
1.566509640000000,SPI,MOSI: 0x00;  MISO: 0x00
1.566510720000000,SPI,MOSI: 0x00;  MISO: 0x00
1.566511780000000,SPI,MOSI: 0x00;  MISO: 0x00
1.566512840000000,SPI,MOSI: 0x00;  MISO: 0x00
1.566513920000000,SPI,MOSI: 0x00;  MISO: 0x00
1.566514980000000,SPI,MOSI: 0x00;  MISO: 0x00
1.566516040000000,SPI,MOSI: 0x00;  MISO: 0x00
1.566517120000000,SPI,MOSI: 0x00;  MISO: 0x00
1.566518180000000,SPI,MOSI: 0x00;  MISO: 0x00
1.566519240000000,SPI,MOSI: 0x00;  MISO: 0x00
1.566520320000000,SPI,MOSI: 0x00;  MISO: 0x00
1.566521380000000,SPI,MOSI: 0x00;  MISO: 0x00
1.566522440000000,SPI,MOSI: 0x00;  MISO: 0x00
1.566523520000000,SPI,MOSI: 0x00;  MISO: 0x00
1.566524580000000,SPI,MOSI: 0x00;  MISO: 0x00
1.566525640000000,SPI,MOSI: 0x00;  MISO: 0x00
1.566526720000000,SPI,MOSI: 0x00;  MISO: 0x00
1.566527780000000,SPI,MOSI: 0x00;  MISO: 0x00
1.566528840000000,SPI,MOSI: 0x00;  MISO: 0x00
1.566529920000000,SPI,MOSI: 0x00;  MISO: 0x00
1.566530980000000,SPI,MOSI: 0x00;  MISO: 0x00
1.566532040000000,SPI,MOSI: 0x00;  MISO: 0x00
1.566533120000000,SPI,MOSI: 0x00;  MISO: 0x00
1.566534180000000,SPI,MOSI: 0x00;  MISO: 0x00
1.566535240000000,SPI,MOSI: 0x00;  MISO: 0x00
1.566536320000000,SPI,MOSI: 0x00;  MISO: 0x00
1.566537380000000,SPI,MOSI: 0x00;  MISO: 0x00
1.566538440000000,SPI,MOSI: 0x00;  MISO: 0x00
1.566539520000000,SPI,MOSI: 0x00;  MISO: 0x00
1.566540580000000,SPI,MOSI: 0x00;  MISO: 0x00
1.566541640000000,SPI,MOSI: 0x00;  MISO: 0x00
1.566542720000000,SPI,MOSI: 0x00;  MISO: 0x00
1.566543780000000,SPI,MOSI: 0x00;  MISO: 0x00
1.566544840000000,SPI,MOSI: 0x00;  MISO: 0x00
1.566545920000000,SPI,MOSI: 0x00;  MISO: 0x00
1.566546980000000,SPI,MOSI: 0x00;  MISO: 0x00
1.566548040000000,SPI,MOSI: 0x00;  MISO: 0x00
1.566549120000000,SPI,MOSI: 0x00;  MISO: 0x00
1.566550180000000,SPI,MOSI: 0x00;  MISO: 0x00
1.566551240000000,SPI,MOSI: 0x00;  MISO: 0x00
1.566552320000000,SPI,MOSI: 0x00;  MISO: 0x00
1.566553380000000,SPI,MOSI: 0x00;  MISO: 0x00
1.566554440000000,SPI,MOSI: 0x00;  MISO: 0x00
1.566555520000000,SPI,MOSI: 0x00;  MISO: 0x00
1.566556580000000,SPI,MOSI: 0x00;  MISO: 0x00
1.566557640000000,SPI,MOSI: 0x00;  MISO: 0x00
1.566558720000000,SPI,MOSI: 0x00;  MISO: 0x00
1.566559780000000,SPI,MOSI: 0x00;  MISO: 0x00
1.566560840000000,SPI,MOSI: 0x00;  MISO: 0x00
1.566561920000000,SPI,MOSI: 0x00;  MISO: 0x00
1.566562980000000,SPI,MOSI: 0x00;  MISO: 0x00
1.566564040000000,SPI,MOSI: 0x00;  MISO: 0x00
1.566565120000000,SPI,MOSI: 0x00;  MISO: 0x00
1.566566180000000,SPI,MOSI: 0x00;  MISO: 0x00
1.566567240000000,SPI,MOSI: 0x00;  MISO: 0x00
1.566568320000000,SPI,MOSI: 0x00;  MISO: 0x00
1.566569380000000,SPI,MOSI: 0x00;  MISO: 0x00
1.566570440000000,SPI,MOSI: 0x00;  MISO: 0x00
1.566571520000000,SPI,MOSI: 0x00;  MISO: 0x00
1.566572580000000,SPI,MOSI: 0x00;  MISO: 0x00
1.566573640000000,SPI,MOSI: 0x00;  MISO: 0x00
1.566574720000000,SPI,MOSI: 0x00;  MISO: 0x00
1.566575780000000,SPI,MOSI: 0x00;  MISO: 0x00
1.566576840000000,SPI,MOSI: 0x00;  MISO: 0x00
1.566577920000000,SPI,MOSI: 0x00;  MISO: 0x00
1.566578980000000,SPI,MOSI: 0x00;  MISO: 0x00
1.566580040000000,SPI,MOSI: 0x00;  MISO: 0x00
1.566581120000000,SPI,MOSI: 0x00;  MISO: 0x00
1.566582180000000,SPI,MOSI: 0x00;  MISO: 0x00
1.566583240000000,SPI,MOSI: 0x00;  MISO: 0x00
1.566584320000000,SPI,MOSI: 0x00;  MISO: 0x00
1.566585380000000,SPI,MOSI: 0x00;  MISO: 0x00
1.566586440000000,SPI,MOSI: 0x00;  MISO: 0x00
1.566587520000000,SPI,MOSI: 0x00;  MISO: 0x00
1.566588580000000,SPI,MOSI: 0x00;  MISO: 0x00
1.566589640000000,SPI,MOSI: 0x00;  MISO: 0x00
1.566590720000000,SPI,MOSI: 0x00;  MISO: 0x00
1.566591780000000,SPI,MOSI: 0x00;  MISO: 0x00
1.566592840000000,SPI,MOSI: 0x00;  MISO: 0x00
1.566593920000000,SPI,MOSI: 0x00;  MISO: 0x00
1.566594980000000,SPI,MOSI: 0x00;  MISO: 0x00
1.566596040000000,SPI,MOSI: 0x00;  MISO: 0x00
1.566597120000000,SPI,MOSI: 0x00;  MISO: 0x00
1.566598180000000,SPI,MOSI: 0x00;  MISO: 0x00
1.566599240000000,SPI,MOSI: 0x00;  MISO: 0x00
1.566600320000000,SPI,MOSI: 0x00;  MISO: 0x00
1.566601380000000,SPI,MOSI: 0x00;  MISO: 0x00
1.566602440000000,SPI,MOSI: 0x00;  MISO: 0x00
1.566603520000000,SPI,MOSI: 0x00;  MISO: 0x00
1.566604580000000,SPI,MOSI: 0x00;  MISO: 0x00
1.566605640000000,SPI,MOSI: 0x00;  MISO: 0x00
1.566606720000000,SPI,MOSI: 0x00;  MISO: 0x00
1.566607780000000,SPI,MOSI: 0x00;  MISO: 0x00
1.566608840000000,SPI,MOSI: 0x00;  MISO: 0x00
1.566609920000000,SPI,MOSI: 0x00;  MISO: 0x00
1.566610980000000,SPI,MOSI: 0x00;  MISO: 0x00
1.566612040000000,SPI,MOSI: 0x00;  MISO: 0x00
1.566613120000000,SPI,MOSI: 0x00;  MISO: 0x00
1.566614180000000,SPI,MOSI: 0x00;  MISO: 0x00
1.566615240000000,SPI,MOSI: 0x00;  MISO: 0x00
1.566616320000000,SPI,MOSI: 0x00;  MISO: 0x00
1.566617380000000,SPI,MOSI: 0x00;  MISO: 0x00
1.566618440000000,SPI,MOSI: 0x00;  MISO: 0x00
1.566619520000000,SPI,MOSI: 0x00;  MISO: 0x00
1.566620580000000,SPI,MOSI: 0x00;  MISO: 0x00
1.566621640000000,SPI,MOSI: 0x00;  MISO: 0x00
1.566622720000000,SPI,MOSI: 0x00;  MISO: 0x00
1.566623780000000,SPI,MOSI: 0x00;  MISO: 0x00
1.566624840000000,SPI,MOSI: 0x00;  MISO: 0x00
1.566625920000000,SPI,MOSI: 0x00;  MISO: 0x00
1.566626980000000,SPI,MOSI: 0x00;  MISO: 0x00
1.566628040000000,SPI,MOSI: 0x00;  MISO: 0x00
1.566629120000000,SPI,MOSI: 0x00;  MISO: 0x00
1.566630180000000,SPI,MOSI: 0x00;  MISO: 0x00
1.566631240000000,SPI,MOSI: 0x00;  MISO: 0x00
1.566632320000000,SPI,MOSI: 0x00;  MISO: 0x00
1.566633380000000,SPI,MOSI: 0x00;  MISO: 0x00
1.566634440000000,SPI,MOSI: 0x00;  MISO: 0x00
1.566635520000000,SPI,MOSI: 0x00;  MISO: 0x00
1.566636580000000,SPI,MOSI: 0x00;  MISO: 0x00
1.566637640000000,SPI,MOSI: 0x00;  MISO: 0x00
1.566638720000000,SPI,MOSI: 0x00;  MISO: 0x00
1.566639780000000,SPI,MOSI: 0x00;  MISO: 0x00
1.566640840000000,SPI,MOSI: 0x00;  MISO: 0x00
1.566641920000000,SPI,MOSI: 0x00;  MISO: 0x00
1.566642980000000,SPI,MOSI: 0x00;  MISO: 0x00
1.566644040000000,SPI,MOSI: 0x00;  MISO: 0x00
1.566645120000000,SPI,MOSI: 0x00;  MISO: 0x00
1.566646180000000,SPI,MOSI: 0x00;  MISO: 0x00
1.566647240000000,SPI,MOSI: 0x00;  MISO: 0x00
1.566648320000000,SPI,MOSI: 0x00;  MISO: 0x00
1.566649380000000,SPI,MOSI: 0x00;  MISO: 0x00
1.566650440000000,SPI,MOSI: 0x00;  MISO: 0x00
1.566651520000000,SPI,MOSI: 0x00;  MISO: 0x00
1.566652580000000,SPI,MOSI: 0x00;  MISO: 0x00
1.566653640000000,SPI,MOSI: 0x00;  MISO: 0x00
1.566654720000000,SPI,MOSI: 0x00;  MISO: 0x00
1.566655780000000,SPI,MOSI: 0x00;  MISO: 0x00
1.566656840000000,SPI,MOSI: 0x00;  MISO: 0x00
1.566657920000000,SPI,MOSI: 0x00;  MISO: 0x00
1.566658980000000,SPI,MOSI: 0x00;  MISO: 0x00
1.566660040000000,SPI,MOSI: 0x00;  MISO: 0x00
1.566661120000000,SPI,MOSI: 0x00;  MISO: 0x00
1.566662180000000,SPI,MOSI: 0x00;  MISO: 0x00
1.566663240000000,SPI,MOSI: 0x00;  MISO: 0x00
1.566664320000000,SPI,MOSI: 0x00;  MISO: 0x00
1.566665380000000,SPI,MOSI: 0x00;  MISO: 0x00
1.566666440000000,SPI,MOSI: 0x00;  MISO: 0x00
1.566667520000000,SPI,MOSI: 0x00;  MISO: 0x00
1.566668580000000,SPI,MOSI: 0x00;  MISO: 0x00
1.566669640000000,SPI,MOSI: 0x00;  MISO: 0x00
1.566670720000000,SPI,MOSI: 0x00;  MISO: 0x00
1.566671780000000,SPI,MOSI: 0x00;  MISO: 0x00
1.566672840000000,SPI,MOSI: 0x00;  MISO: 0x00
1.566673920000000,SPI,MOSI: 0x00;  MISO: 0x00
1.566674980000000,SPI,MOSI: 0x00;  MISO: 0x00
1.566676040000000,SPI,MOSI: 0x00;  MISO: 0x00
1.566677120000000,SPI,MOSI: 0x00;  MISO: 0x00
1.566678180000000,SPI,MOSI: 0x00;  MISO: 0x00
1.566679240000000,SPI,MOSI: 0x00;  MISO: 0x00
1.566680320000000,SPI,MOSI: 0x00;  MISO: 0x00
1.566681380000000,SPI,MOSI: 0x00;  MISO: 0x00
1.566682440000000,SPI,MOSI: 0x00;  MISO: 0x00
1.566683520000000,SPI,MOSI: 0x00;  MISO: 0x00
1.566684580000000,SPI,MOSI: 0x00;  MISO: 0x00
1.566685640000000,SPI,MOSI: 0x00;  MISO: 0x00
1.566686720000000,SPI,MOSI: 0x00;  MISO: 0x00
1.566687780000000,SPI,MOSI: 0x00;  MISO: 0x00
1.566688840000000,SPI,MOSI: 0x00;  MISO: 0x00
1.566689920000000,SPI,MOSI: 0x00;  MISO: 0x00
1.566690980000000,SPI,MOSI: 0x00;  MISO: 0x00
1.566692040000000,SPI,MOSI: 0x00;  MISO: 0x00
1.566693120000000,SPI,MOSI: 0x00;  MISO: 0x00
1.566694180000000,SPI,MOSI: 0x00;  MISO: 0x00
1.566695240000000,SPI,MOSI: 0x00;  MISO: 0x00
1.566696320000000,SPI,MOSI: 0x00;  MISO: 0x00
1.566697380000000,SPI,MOSI: 0x00;  MISO: 0x00
1.566698440000000,SPI,MOSI: 0x00;  MISO: 0x00
1.566699520000000,SPI,MOSI: 0x00;  MISO: 0x00
1.566700580000000,SPI,MOSI: 0x00;  MISO: 0x00
1.566701640000000,SPI,MOSI: 0x00;  MISO: 0x00
1.566702720000000,SPI,MOSI: 0x00;  MISO: 0x00
1.566703780000000,SPI,MOSI: 0x00;  MISO: 0x00
1.566704840000000,SPI,MOSI: 0x00;  MISO: 0x00
1.566705920000000,SPI,MOSI: 0x00;  MISO: 0x00
1.566706980000000,SPI,MOSI: 0x00;  MISO: 0x00
1.566708040000000,SPI,MOSI: 0x00;  MISO: 0x00
1.566709120000000,SPI,MOSI: 0x00;  MISO: 0x00
1.566710180000000,SPI,MOSI: 0x00;  MISO: 0x00
1.566711240000000,SPI,MOSI: 0x00;  MISO: 0x00
1.566712320000000,SPI,MOSI: 0x00;  MISO: 0x00
1.566713380000000,SPI,MOSI: 0x00;  MISO: 0x00
1.566714440000000,SPI,MOSI: 0x00;  MISO: 0x00
1.566715520000000,SPI,MOSI: 0x00;  MISO: 0x00
1.566716580000000,SPI,MOSI: 0x00;  MISO: 0x00
1.566717660000000,SPI,MOSI: 0x00;  MISO: 0x00
1.566718720000000,SPI,MOSI: 0x00;  MISO: 0x00
1.566719780000000,SPI,MOSI: 0x00;  MISO: 0x00
1.566720840000000,SPI,MOSI: 0x00;  MISO: 0x00
1.566721920000000,SPI,MOSI: 0x00;  MISO: 0x00
1.566722980000000,SPI,MOSI: 0x00;  MISO: 0x00
1.566724040000000,SPI,MOSI: 0x00;  MISO: 0x00
1.566725120000000,SPI,MOSI: 0x00;  MISO: 0x00
1.566726180000000,SPI,MOSI: 0x00;  MISO: 0x00
1.566727240000000,SPI,MOSI: 0x00;  MISO: 0x00
1.566728320000000,SPI,MOSI: 0x00;  MISO: 0x00
1.566729380000000,SPI,MOSI: 0x00;  MISO: 0x00
1.566730440000000,SPI,MOSI: 0x00;  MISO: 0x00
1.566731520000000,SPI,MOSI: 0x00;  MISO: 0x00
1.566732580000000,SPI,MOSI: 0x00;  MISO: 0x00
1.566733640000000,SPI,MOSI: 0x00;  MISO: 0x00
1.566734720000000,SPI,MOSI: 0x00;  MISO: 0x00
1.566735780000000,SPI,MOSI: 0x00;  MISO: 0x00
1.566736840000000,SPI,MOSI: 0x00;  MISO: 0x00
1.566737920000000,SPI,MOSI: 0x00;  MISO: 0x00
1.566738980000000,SPI,MOSI: 0x00;  MISO: 0x00
1.566740040000000,SPI,MOSI: 0x00;  MISO: 0x00
1.566741120000000,SPI,MOSI: 0x00;  MISO: 0x00
1.566742180000000,SPI,MOSI: 0x00;  MISO: 0x00
1.566743240000000,SPI,MOSI: 0x00;  MISO: 0x00
1.566744320000000,SPI,MOSI: 0x00;  MISO: 0x00
1.566745380000000,SPI,MOSI: 0x00;  MISO: 0x00
1.566746440000000,SPI,MOSI: 0x00;  MISO: 0x00
1.566747520000000,SPI,MOSI: 0x00;  MISO: 0x00
1.566748580000000,SPI,MOSI: 0x00;  MISO: 0x00
1.566749640000000,SPI,MOSI: 0x00;  MISO: 0x00
1.566750720000000,SPI,MOSI: 0x00;  MISO: 0x00
1.566751780000000,SPI,MOSI: 0x00;  MISO: 0x00
1.566752840000000,SPI,MOSI: 0x00;  MISO: 0x00
1.566753920000000,SPI,MOSI: 0x00;  MISO: 0x00
1.566754980000000,SPI,MOSI: 0x00;  MISO: 0x00
1.566756040000000,SPI,MOSI: 0x00;  MISO: 0x00
1.566757120000000,SPI,MOSI: 0x00;  MISO: 0x00
1.566758180000000,SPI,MOSI: 0x00;  MISO: 0x00
1.566759240000000,SPI,MOSI: 0x00;  MISO: 0x00
1.566760320000000,SPI,MOSI: 0x00;  MISO: 0x00
1.566761380000000,SPI,MOSI: 0x00;  MISO: 0x00
1.566762440000000,SPI,MOSI: 0x00;  MISO: 0x00
1.566763520000000,SPI,MOSI: 0x00;  MISO: 0x00
1.566764580000000,SPI,MOSI: 0x00;  MISO: 0x00
1.566765640000000,SPI,MOSI: 0x00;  MISO: 0x00
1.567979580000000,SPI,MOSI: 0x00;  MISO: 0x00
1.567980660000000,SPI,MOSI: 0x10;  MISO: 0x00
1.567981720000000,SPI,MOSI: 0x40;  MISO: 0x00
1.567983660000000,SPI,MOSI: 0x00;  MISO: 0x00
1.567984720000000,SPI,MOSI: 0x00;  MISO: 0x00
1.567985780000000,SPI,MOSI: 0x00;  MISO: 0x00
1.567986860000000,SPI,MOSI: 0x00;  MISO: 0x00
1.567987920000000,SPI,MOSI: 0x00;  MISO: 0x00
1.567988980000000,SPI,MOSI: 0x80;  MISO: 0x00
1.567990060000000,SPI,MOSI: 0x80;  MISO: 0x00
1.567991120000000,SPI,MOSI: 0x00;  MISO: 0x00
1.567992180000000,SPI,MOSI: 0x00;  MISO: 0x00
1.567993260000000,SPI,MOSI: 0x00;  MISO: 0x00
1.567994320000000,SPI,MOSI: 0x00;  MISO: 0x00
1.567995380000000,SPI,MOSI: 0x80;  MISO: 0x00
1.567996460000000,SPI,MOSI: 0x80;  MISO: 0x00
1.567997520000000,SPI,MOSI: 0x00;  MISO: 0x00
1.567998600000000,SPI,MOSI: 0x80;  MISO: 0x00
1.567999660000000,SPI,MOSI: 0x80;  MISO: 0x00
1.568000720000000,SPI,MOSI: 0x80;  MISO: 0x00
1.568001800000000,SPI,MOSI: 0x80;  MISO: 0x00
1.568002860000000,SPI,MOSI: 0x00;  MISO: 0x00
1.568003920000000,SPI,MOSI: 0x00;  MISO: 0x00
1.568005000000000,SPI,MOSI: 0x80;  MISO: 0x00
1.568006060000000,SPI,MOSI: 0x80;  MISO: 0x00
1.568007120000000,SPI,MOSI: 0x00;  MISO: 0x00
1.568008200000000,SPI,MOSI: 0x00;  MISO: 0x00
1.568009260000000,SPI,MOSI: 0x00;  MISO: 0x00
1.568010320000000,SPI,MOSI: 0x80;  MISO: 0x00
1.568011380000000,SPI,MOSI: 0x80;  MISO: 0x00
1.568012460000000,SPI,MOSI: 0x80;  MISO: 0x00
1.568013520000000,SPI,MOSI: 0x00;  MISO: 0x00
1.568014580000000,SPI,MOSI: 0x00;  MISO: 0x00
1.568015660000000,SPI,MOSI: 0x00;  MISO: 0x00
1.568016720000000,SPI,MOSI: 0x80;  MISO: 0x00
1.568017780000000,SPI,MOSI: 0x00;  MISO: 0x00
1.568018860000000,SPI,MOSI: 0x00;  MISO: 0x00
1.568019920000000,SPI,MOSI: 0x80;  MISO: 0x00
1.568020980000000,SPI,MOSI: 0x80;  MISO: 0x00
1.568022060000000,SPI,MOSI: 0x80;  MISO: 0x00
1.568023120000000,SPI,MOSI: 0x00;  MISO: 0x00
1.568024180000000,SPI,MOSI: 0x00;  MISO: 0x00
1.568025260000000,SPI,MOSI: 0x80;  MISO: 0x00
1.568026320000000,SPI,MOSI: 0x80;  MISO: 0x00
1.568027400000000,SPI,MOSI: 0x00;  MISO: 0x00
1.568028460000000,SPI,MOSI: 0x80;  MISO: 0x00
1.568029520000000,SPI,MOSI: 0x80;  MISO: 0x00
1.568030600000000,SPI,MOSI: 0x00;  MISO: 0x00
1.568031660000000,SPI,MOSI: 0x00;  MISO: 0x00
1.568032720000000,SPI,MOSI: 0x00;  MISO: 0x00
1.568033800000000,SPI,MOSI: 0x80;  MISO: 0x00
1.568034860000000,SPI,MOSI: 0x80;  MISO: 0x00
1.568035920000000,SPI,MOSI: 0x00;  MISO: 0x00
1.568037000000000,SPI,MOSI: 0x00;  MISO: 0x00
1.568038060000000,SPI,MOSI: 0x80;  MISO: 0x00
1.568039120000000,SPI,MOSI: 0x80;  MISO: 0x00
1.568040200000000,SPI,MOSI: 0x80;  MISO: 0x00
1.568041260000000,SPI,MOSI: 0x00;  MISO: 0x00
1.568042320000000,SPI,MOSI: 0x00;  MISO: 0x00
1.568043400000000,SPI,MOSI: 0x80;  MISO: 0x00
1.568044460000000,SPI,MOSI: 0x80;  MISO: 0x00
1.568045520000000,SPI,MOSI: 0x80;  MISO: 0x00
1.568046600000000,SPI,MOSI: 0x80;  MISO: 0x00
1.568047660000000,SPI,MOSI: 0x80;  MISO: 0x00
1.568048720000000,SPI,MOSI: 0x00;  MISO: 0x00
1.568049800000000,SPI,MOSI: 0x80;  MISO: 0x00
1.568050860000000,SPI,MOSI: 0x80;  MISO: 0x00
1.568051920000000,SPI,MOSI: 0x80;  MISO: 0x00
1.568053000000000,SPI,MOSI: 0x80;  MISO: 0x00
1.568054060000000,SPI,MOSI: 0x00;  MISO: 0x00
1.568055120000000,SPI,MOSI: 0x00;  MISO: 0x00
1.568056200000000,SPI,MOSI: 0x00;  MISO: 0x00
1.568057260000000,SPI,MOSI: 0x00;  MISO: 0x00
1.568058320000000,SPI,MOSI: 0x80;  MISO: 0x00
1.568059400000000,SPI,MOSI: 0x80;  MISO: 0x00
1.568060460000000,SPI,MOSI: 0x00;  MISO: 0x00
1.568061520000000,SPI,MOSI: 0x80;  MISO: 0x00
1.568062600000000,SPI,MOSI: 0x80;  MISO: 0x00
1.568063660000000,SPI,MOSI: 0x00;  MISO: 0x00
1.568064720000000,SPI,MOSI: 0x00;  MISO: 0x00
1.568065800000000,SPI,MOSI: 0x00;  MISO: 0x00
1.568066860000000,SPI,MOSI: 0x00;  MISO: 0x00
1.568067920000000,SPI,MOSI: 0x00;  MISO: 0x00
1.568069000000000,SPI,MOSI: 0x00;  MISO: 0x00
1.568070060000000,SPI,MOSI: 0x00;  MISO: 0x00
1.568071120000000,SPI,MOSI: 0x00;  MISO: 0x00
1.568072200000000,SPI,MOSI: 0x00;  MISO: 0x00
1.568073260000000,SPI,MOSI: 0x00;  MISO: 0x00
1.568074320000000,SPI,MOSI: 0x80;  MISO: 0x00
1.568075400000000,SPI,MOSI: 0x80;  MISO: 0x00
1.568076460000000,SPI,MOSI: 0x80;  MISO: 0x00
1.568077520000000,SPI,MOSI: 0xC0;  MISO: 0x00
1.568078600000000,SPI,MOSI: 0xC0;  MISO: 0x00
1.568079660000000,SPI,MOSI: 0xC0;  MISO: 0x00
1.568080720000000,SPI,MOSI: 0xE0;  MISO: 0x00
1.568081800000000,SPI,MOSI: 0xE0;  MISO: 0x00
1.568082860000000,SPI,MOSI: 0xF0;  MISO: 0x00
1.568083920000000,SPI,MOSI: 0xF0;  MISO: 0x00
1.568085000000000,SPI,MOSI: 0xF0;  MISO: 0x00
1.568086060000000,SPI,MOSI: 0xF8;  MISO: 0x00
1.568087120000000,SPI,MOSI: 0xF8;  MISO: 0x00
1.568088200000000,SPI,MOSI: 0xF8;  MISO: 0x00
1.568089260000000,SPI,MOSI: 0xFC;  MISO: 0x00
1.568090320000000,SPI,MOSI: 0xFC;  MISO: 0x00
1.568091400000000,SPI,MOSI: 0xFC;  MISO: 0x00
1.568092460000000,SPI,MOSI: 0xFE;  MISO: 0x00
1.568093520000000,SPI,MOSI: 0xFE;  MISO: 0x00
1.568094600000000,SPI,MOSI: 0xFE;  MISO: 0x00
1.568095660000000,SPI,MOSI: 0xFE;  MISO: 0x00
1.568096720000000,SPI,MOSI: 0xFE;  MISO: 0x00
1.568097800000000,SPI,MOSI: 0xFC;  MISO: 0x00
1.568098860000000,SPI,MOSI: 0xFC;  MISO: 0x00
1.568099920000000,SPI,MOSI: 0xFC;  MISO: 0x00
1.568101000000000,SPI,MOSI: 0xF8;  MISO: 0x00
1.568102060000000,SPI,MOSI: 0xF8;  MISO: 0x00
1.568103120000000,SPI,MOSI: 0xF8;  MISO: 0x00
1.568104200000000,SPI,MOSI: 0xF0;  MISO: 0x00
1.568105260000000,SPI,MOSI: 0xF0;  MISO: 0x00
1.568106320000000,SPI,MOSI: 0xF0;  MISO: 0x00
1.568107400000000,SPI,MOSI: 0xE0;  MISO: 0x00
1.568108460000000,SPI,MOSI: 0xE0;  MISO: 0x00
1.568109520000000,SPI,MOSI: 0xC0;  MISO: 0x00
1.568110600000000,SPI,MOSI: 0xC0;  MISO: 0x00
1.568111660000000,SPI,MOSI: 0xC0;  MISO: 0x00
1.568112720000000,SPI,MOSI: 0x80;  MISO: 0x00
1.568113800000000,SPI,MOSI: 0x80;  MISO: 0x00
1.568114860000000,SPI,MOSI: 0x80;  MISO: 0x00
1.568115920000000,SPI,MOSI: 0x00;  MISO: 0x00
1.568117000000000,SPI,MOSI: 0x00;  MISO: 0x00
1.568118060000000,SPI,MOSI: 0x00;  MISO: 0x00
1.568119120000000,SPI,MOSI: 0x00;  MISO: 0x00
1.568120200000000,SPI,MOSI: 0x00;  MISO: 0x00
1.568121260000000,SPI,MOSI: 0x00;  MISO: 0x00
1.568122320000000,SPI,MOSI: 0x00;  MISO: 0x00
1.568123400000000,SPI,MOSI: 0x00;  MISO: 0x00
1.568124460000000,SPI,MOSI: 0x00;  MISO: 0x00
1.568125520000000,SPI,MOSI: 0x08;  MISO: 0x00
1.568126600000000,SPI,MOSI: 0x3F;  MISO: 0x00
1.568127660000000,SPI,MOSI: 0x3F;  MISO: 0x00
1.568128720000000,SPI,MOSI: 0x00;  MISO: 0x00
1.568129800000000,SPI,MOSI: 0x0C;  MISO: 0x00
1.568130860000000,SPI,MOSI: 0x04;  MISO: 0x00
1.568131920000000,SPI,MOSI: 0x0F;  MISO: 0x00
1.568133000000000,SPI,MOSI: 0x0F;  MISO: 0x00
1.568134060000000,SPI,MOSI: 0x00;  MISO: 0x00
1.568135120000000,SPI,MOSI: 0x07;  MISO: 0x00
1.568136200000000,SPI,MOSI: 0x0F;  MISO: 0x00
1.568137260000000,SPI,MOSI: 0x0A;  MISO: 0x00
1.568138320000000,SPI,MOSI: 0x0B;  MISO: 0x00
1.568139400000000,SPI,MOSI: 0x01;  MISO: 0x00
1.568140460000000,SPI,MOSI: 0x00;  MISO: 0x00
1.568141520000000,SPI,MOSI: 0x08;  MISO: 0x00
1.568142600000000,SPI,MOSI: 0x3F;  MISO: 0x00
1.568143660000000,SPI,MOSI: 0x3F;  MISO: 0x00
1.568144720000000,SPI,MOSI: 0x00;  MISO: 0x00
1.568145800000000,SPI,MOSI: 0x0B;  MISO: 0x00
1.568146860000000,SPI,MOSI: 0x0B;  MISO: 0x00
1.568147920000000,SPI,MOSI: 0x0E;  MISO: 0x00
1.568149000000000,SPI,MOSI: 0x06;  MISO: 0x00
1.568150060000000,SPI,MOSI: 0x00;  MISO: 0x00
1.568151120000000,SPI,MOSI: 0x38;  MISO: 0x00
1.568152200000000,SPI,MOSI: 0x0E;  MISO: 0x00
1.568153260000000,SPI,MOSI: 0x03;  MISO: 0x00
1.568154320000000,SPI,MOSI: 0x00;  MISO: 0x00
1.568155400000000,SPI,MOSI: 0x07;  MISO: 0x00
1.568156460000000,SPI,MOSI: 0x0F;  MISO: 0x00
1.568157520000000,SPI,MOSI: 0x08;  MISO: 0x00
1.568158600000000,SPI,MOSI: 0x0F;  MISO: 0x00
1.568159660000000,SPI,MOSI: 0x07;  MISO: 0x00
1.568160720000000,SPI,MOSI: 0x00;  MISO: 0x00
1.568161800000000,SPI,MOSI: 0x2F;  MISO: 0x00
1.568162860000000,SPI,MOSI: 0x2F;  MISO: 0x00
1.568163920000000,SPI,MOSI: 0x00;  MISO: 0x00
1.568165000000000,SPI,MOSI: 0x01;  MISO: 0x00
1.568166060000000,SPI,MOSI: 0x01;  MISO: 0x00
1.568167120000000,SPI,MOSI: 0x00;  MISO: 0x00
1.568168200000000,SPI,MOSI: 0x0C;  MISO: 0x00
1.568169260000000,SPI,MOSI: 0x04;  MISO: 0x00
1.568170320000000,SPI,MOSI: 0x0F;  MISO: 0x00
1.568171400000000,SPI,MOSI: 0x0F;  MISO: 0x00
1.568172460000000,SPI,MOSI: 0x00;  MISO: 0x00
1.568173520000000,SPI,MOSI: 0x07;  MISO: 0x00
1.568174600000000,SPI,MOSI: 0x0F;  MISO: 0x00
1.568175660000000,SPI,MOSI: 0x08;  MISO: 0x00
1.568176720000000,SPI,MOSI: 0x0F;  MISO: 0x00
1.568177800000000,SPI,MOSI: 0x07;  MISO: 0x00
1.568178860000000,SPI,MOSI: 0x00;  MISO: 0x00
1.568179920000000,SPI,MOSI: 0x08;  MISO: 0x00
1.568181000000000,SPI,MOSI: 0x0C;  MISO: 0x00
1.568182060000000,SPI,MOSI: 0x0E;  MISO: 0x00
1.568183120000000,SPI,MOSI: 0x0B;  MISO: 0x00
1.568184200000000,SPI,MOSI: 0x09;  MISO: 0x00
1.568185260000000,SPI,MOSI: 0x00;  MISO: 0x00
1.568186320000000,SPI,MOSI: 0x06;  MISO: 0x00
1.568187400000000,SPI,MOSI: 0x0E;  MISO: 0x00
1.568188460000000,SPI,MOSI: 0x0A;  MISO: 0x00
1.568189520000000,SPI,MOSI: 0x0F;  MISO: 0x00
1.568190600000000,SPI,MOSI: 0x07;  MISO: 0x00
1.568191660000000,SPI,MOSI: 0x00;  MISO: 0x00
1.568192720000000,SPI,MOSI: 0x0C;  MISO: 0x00
1.568193800000000,SPI,MOSI: 0x04;  MISO: 0x00
1.568194860000000,SPI,MOSI: 0x0F;  MISO: 0x00
1.568195920000000,SPI,MOSI: 0x0F;  MISO: 0x00
1.568197000000000,SPI,MOSI: 0x00;  MISO: 0x00
1.568198060000000,SPI,MOSI: 0x08;  MISO: 0x00
1.568199120000000,SPI,MOSI: 0x3F;  MISO: 0x00
1.568200200000000,SPI,MOSI: 0x3F;  MISO: 0x00
1.568201260000000,SPI,MOSI: 0x00;  MISO: 0x00
1.568202320000000,SPI,MOSI: 0x00;  MISO: 0x00
1.568203400000000,SPI,MOSI: 0x00;  MISO: 0x00
1.568204460000000,SPI,MOSI: 0x00;  MISO: 0x00
1.568205520000000,SPI,MOSI: 0x00;  MISO: 0x00
1.568206600000000,SPI,MOSI: 0x00;  MISO: 0x00
1.568207660000000,SPI,MOSI: 0x00;  MISO: 0x00
1.568208720000000,SPI,MOSI: 0x00;  MISO: 0x00
1.568209800000000,SPI,MOSI: 0xFF;  MISO: 0x00
1.568210860000000,SPI,MOSI: 0xFF;  MISO: 0x00
1.568211920000000,SPI,MOSI: 0xFF;  MISO: 0x00
1.568213000000000,SPI,MOSI: 0xFF;  MISO: 0x00
1.568214060000000,SPI,MOSI: 0xFF;  MISO: 0x00
1.568215120000000,SPI,MOSI: 0xFF;  MISO: 0x00
1.568216200000000,SPI,MOSI: 0x1F;  MISO: 0x00
1.568217260000000,SPI,MOSI: 0x1F;  MISO: 0x00
1.568218320000000,SPI,MOSI: 0x0F;  MISO: 0x00
1.568219400000000,SPI,MOSI: 0x0F;  MISO: 0x00
1.568220460000000,SPI,MOSI: 0x0F;  MISO: 0x00
1.568221520000000,SPI,MOSI: 0x07;  MISO: 0x00
1.568222600000000,SPI,MOSI: 0x07;  MISO: 0x00
1.568223660000000,SPI,MOSI: 0x03;  MISO: 0x00
1.568224720000000,SPI,MOSI: 0x03;  MISO: 0x00
1.568225800000000,SPI,MOSI: 0x03;  MISO: 0x00
1.568226860000000,SPI,MOSI: 0x03;  MISO: 0x00
1.568227920000000,SPI,MOSI: 0x01;  MISO: 0x00
1.568229000000000,SPI,MOSI: 0x01;  MISO: 0x00
1.568230060000000,SPI,MOSI: 0x00;  MISO: 0x00
1.568231120000000,SPI,MOSI: 0x00;  MISO: 0x00
1.568232200000000,SPI,MOSI: 0x00;  MISO: 0x00
1.568233260000000,SPI,MOSI: 0x01;  MISO: 0x00
1.568234320000000,SPI,MOSI: 0x01;  MISO: 0x00
1.568235400000000,SPI,MOSI: 0x03;  MISO: 0x00
1.568236460000000,SPI,MOSI: 0x03;  MISO: 0x00
1.568237520000000,SPI,MOSI: 0x03;  MISO: 0x00
1.568238600000000,SPI,MOSI: 0x03;  MISO: 0x00
1.568239660000000,SPI,MOSI: 0x07;  MISO: 0x00
1.568240720000000,SPI,MOSI: 0x07;  MISO: 0x00
1.568241800000000,SPI,MOSI: 0x0F;  MISO: 0x00
1.568242860000000,SPI,MOSI: 0x0F;  MISO: 0x00
1.568243920000000,SPI,MOSI: 0x0F;  MISO: 0x00
1.568245000000000,SPI,MOSI: 0x1F;  MISO: 0x00
1.568246060000000,SPI,MOSI: 0x1F;  MISO: 0x00
1.568247120000000,SPI,MOSI: 0xFF;  MISO: 0x00
1.568248200000000,SPI,MOSI: 0xFF;  MISO: 0x00
1.568249260000000,SPI,MOSI: 0xFF;  MISO: 0x00
1.568250320000000,SPI,MOSI: 0xFF;  MISO: 0x00
1.568251400000000,SPI,MOSI: 0xFF;  MISO: 0x00
1.568252460000000,SPI,MOSI: 0xFF;  MISO: 0x00
1.568253520000000,SPI,MOSI: 0x00;  MISO: 0x00
1.568254600000000,SPI,MOSI: 0x00;  MISO: 0x00
1.568255660000000,SPI,MOSI: 0x00;  MISO: 0x00
1.568256720000000,SPI,MOSI: 0x00;  MISO: 0x00
1.568257800000000,SPI,MOSI: 0x00;  MISO: 0x00
1.568258860000000,SPI,MOSI: 0x00;  MISO: 0x00
1.568259920000000,SPI,MOSI: 0x00;  MISO: 0x00
1.568261000000000,SPI,MOSI: 0x00;  MISO: 0x00
1.568262060000000,SPI,MOSI: 0x00;  MISO: 0x00
1.568263120000000,SPI,MOSI: 0x00;  MISO: 0x00
1.568264200000000,SPI,MOSI: 0x00;  MISO: 0x00
1.568265260000000,SPI,MOSI: 0x00;  MISO: 0x00
1.568266320000000,SPI,MOSI: 0x00;  MISO: 0x00
1.568267400000000,SPI,MOSI: 0x00;  MISO: 0x00
1.568268460000000,SPI,MOSI: 0x00;  MISO: 0x00
1.568269520000000,SPI,MOSI: 0x00;  MISO: 0x00
1.568270600000000,SPI,MOSI: 0x00;  MISO: 0x00
1.568271660000000,SPI,MOSI: 0x00;  MISO: 0x00
1.568272720000000,SPI,MOSI: 0x00;  MISO: 0x00
1.568273800000000,SPI,MOSI: 0x00;  MISO: 0x00
1.568274860000000,SPI,MOSI: 0x00;  MISO: 0x00
1.568275920000000,SPI,MOSI: 0x00;  MISO: 0x00
1.568277000000000,SPI,MOSI: 0x00;  MISO: 0x00
1.568278060000000,SPI,MOSI: 0x00;  MISO: 0x00
1.568279120000000,SPI,MOSI: 0x00;  MISO: 0x00
1.568280200000000,SPI,MOSI: 0x00;  MISO: 0x00
1.568281260000000,SPI,MOSI: 0x00;  MISO: 0x00
1.568282320000000,SPI,MOSI: 0x00;  MISO: 0x00
1.568283400000000,SPI,MOSI: 0x00;  MISO: 0x00
1.568284460000000,SPI,MOSI: 0x00;  MISO: 0x00
1.568285520000000,SPI,MOSI: 0x00;  MISO: 0x00
1.568286600000000,SPI,MOSI: 0x00;  MISO: 0x00
1.568287660000000,SPI,MOSI: 0x00;  MISO: 0x00
1.568288720000000,SPI,MOSI: 0x00;  MISO: 0x00
1.568289800000000,SPI,MOSI: 0x00;  MISO: 0x00
1.568290860000000,SPI,MOSI: 0x00;  MISO: 0x00
1.568291920000000,SPI,MOSI: 0x00;  MISO: 0x00
1.568293000000000,SPI,MOSI: 0x00;  MISO: 0x00
1.568294060000000,SPI,MOSI: 0x00;  MISO: 0x00
1.568295120000000,SPI,MOSI: 0x00;  MISO: 0x00
1.568296200000000,SPI,MOSI: 0x00;  MISO: 0x00
1.568297260000000,SPI,MOSI: 0x00;  MISO: 0x00
1.568298320000000,SPI,MOSI: 0x00;  MISO: 0x00
1.568299400000000,SPI,MOSI: 0x00;  MISO: 0x00
1.568300460000000,SPI,MOSI: 0x00;  MISO: 0x00
1.568301520000000,SPI,MOSI: 0x00;  MISO: 0x00
1.568302600000000,SPI,MOSI: 0x00;  MISO: 0x00
1.568303660000000,SPI,MOSI: 0x00;  MISO: 0x00
1.568304720000000,SPI,MOSI: 0x00;  MISO: 0x00
1.568305800000000,SPI,MOSI: 0x00;  MISO: 0x00
1.568306860000000,SPI,MOSI: 0x00;  MISO: 0x00
1.568307920000000,SPI,MOSI: 0x00;  MISO: 0x00
1.568309000000000,SPI,MOSI: 0x00;  MISO: 0x00
1.568310060000000,SPI,MOSI: 0x00;  MISO: 0x00
1.568311120000000,SPI,MOSI: 0x00;  MISO: 0x00
1.568312200000000,SPI,MOSI: 0x00;  MISO: 0x00
1.568313260000000,SPI,MOSI: 0x00;  MISO: 0x00
1.568314320000000,SPI,MOSI: 0x00;  MISO: 0x00
1.568315400000000,SPI,MOSI: 0x00;  MISO: 0x00
1.568316460000000,SPI,MOSI: 0x00;  MISO: 0x00
1.568317520000000,SPI,MOSI: 0x00;  MISO: 0x00
1.568318600000000,SPI,MOSI: 0x00;  MISO: 0x00
1.568319660000000,SPI,MOSI: 0x00;  MISO: 0x00
1.568320720000000,SPI,MOSI: 0x00;  MISO: 0x00
1.568321800000000,SPI,MOSI: 0x00;  MISO: 0x00
1.568322860000000,SPI,MOSI: 0x00;  MISO: 0x00
1.568323940000000,SPI,MOSI: 0x00;  MISO: 0x00
1.568325000000000,SPI,MOSI: 0x00;  MISO: 0x00
1.568326060000000,SPI,MOSI: 0x00;  MISO: 0x00
1.568327140000000,SPI,MOSI: 0x00;  MISO: 0x00
1.568328200000000,SPI,MOSI: 0x00;  MISO: 0x00
1.568329260000000,SPI,MOSI: 0x00;  MISO: 0x00
1.568330340000000,SPI,MOSI: 0x00;  MISO: 0x00
1.568331400000000,SPI,MOSI: 0x00;  MISO: 0x00
1.568332460000000,SPI,MOSI: 0x00;  MISO: 0x00
1.568333520000000,SPI,MOSI: 0x00;  MISO: 0x00
1.568334600000000,SPI,MOSI: 0x00;  MISO: 0x00
1.568335660000000,SPI,MOSI: 0x00;  MISO: 0x00
1.568336740000000,SPI,MOSI: 0x00;  MISO: 0x00
1.568337800000000,SPI,MOSI: 0x00;  MISO: 0x00
1.568338860000000,SPI,MOSI: 0x00;  MISO: 0x00
1.568339940000000,SPI,MOSI: 0x00;  MISO: 0x00
1.568341000000000,SPI,MOSI: 0x00;  MISO: 0x00
1.568342060000000,SPI,MOSI: 0x00;  MISO: 0x00
1.568343140000000,SPI,MOSI: 0x00;  MISO: 0x00
1.568344200000000,SPI,MOSI: 0x00;  MISO: 0x00
1.568345260000000,SPI,MOSI: 0x00;  MISO: 0x00
1.568346340000000,SPI,MOSI: 0xFF;  MISO: 0x00
1.568347400000000,SPI,MOSI: 0xFF;  MISO: 0x00
1.568348460000000,SPI,MOSI: 0xFF;  MISO: 0x00
1.568349540000000,SPI,MOSI: 0xFF;  MISO: 0x00
1.568350600000000,SPI,MOSI: 0xFF;  MISO: 0x00
1.568351660000000,SPI,MOSI: 0xFF;  MISO: 0x00
1.568352720000000,SPI,MOSI: 0x00;  MISO: 0x00
1.568353800000000,SPI,MOSI: 0x00;  MISO: 0x00
1.568354860000000,SPI,MOSI: 0x00;  MISO: 0x00
1.568355940000000,SPI,MOSI: 0x00;  MISO: 0x00
1.568357000000000,SPI,MOSI: 0x00;  MISO: 0x00
1.568358060000000,SPI,MOSI: 0x00;  MISO: 0x00
1.568359120000000,SPI,MOSI: 0x00;  MISO: 0x00
1.568360200000000,SPI,MOSI: 0x00;  MISO: 0x00
1.568361260000000,SPI,MOSI: 0x00;  MISO: 0x00
1.568362320000000,SPI,MOSI: 0x00;  MISO: 0x00
1.568363400000000,SPI,MOSI: 0x00;  MISO: 0x00
1.568364460000000,SPI,MOSI: 0x00;  MISO: 0x00
1.568365520000000,SPI,MOSI: 0x00;  MISO: 0x00
1.568366600000000,SPI,MOSI: 0x00;  MISO: 0x00
1.568367660000000,SPI,MOSI: 0x00;  MISO: 0x00
1.568368720000000,SPI,MOSI: 0x00;  MISO: 0x00
1.568369800000000,SPI,MOSI: 0x00;  MISO: 0x00
1.568370860000000,SPI,MOSI: 0x00;  MISO: 0x00
1.568371920000000,SPI,MOSI: 0x00;  MISO: 0x00
1.568373000000000,SPI,MOSI: 0x00;  MISO: 0x00
1.568374060000000,SPI,MOSI: 0x00;  MISO: 0x00
1.568375120000000,SPI,MOSI: 0x00;  MISO: 0x00
1.568376200000000,SPI,MOSI: 0x00;  MISO: 0x00
1.568377260000000,SPI,MOSI: 0x00;  MISO: 0x00
1.568378320000000,SPI,MOSI: 0x00;  MISO: 0x00
1.568379400000000,SPI,MOSI: 0x00;  MISO: 0x00
1.568380460000000,SPI,MOSI: 0x00;  MISO: 0x00
1.568381520000000,SPI,MOSI: 0x00;  MISO: 0x00
1.568382600000000,SPI,MOSI: 0x00;  MISO: 0x00
1.568383660000000,SPI,MOSI: 0xFF;  MISO: 0x00
1.568384740000000,SPI,MOSI: 0xFF;  MISO: 0x00
1.568385800000000,SPI,MOSI: 0xFF;  MISO: 0x00
1.568386860000000,SPI,MOSI: 0xFF;  MISO: 0x00
1.568387920000000,SPI,MOSI: 0xFF;  MISO: 0x00
1.568389000000000,SPI,MOSI: 0xFF;  MISO: 0x00
1.568390060000000,SPI,MOSI: 0x00;  MISO: 0x00
1.568391120000000,SPI,MOSI: 0x00;  MISO: 0x00
1.568392200000000,SPI,MOSI: 0x00;  MISO: 0x00
1.568393260000000,SPI,MOSI: 0x00;  MISO: 0x00
1.568394340000000,SPI,MOSI: 0x00;  MISO: 0x00
1.568395400000000,SPI,MOSI: 0x00;  MISO: 0x00
1.568396460000000,SPI,MOSI: 0x00;  MISO: 0x00
1.568397540000000,SPI,MOSI: 0x00;  MISO: 0x00
1.568398600000000,SPI,MOSI: 0x00;  MISO: 0x00
1.568399660000000,SPI,MOSI: 0x00;  MISO: 0x00
1.568400740000000,SPI,MOSI: 0x00;  MISO: 0x00
1.568401800000000,SPI,MOSI: 0x00;  MISO: 0x00
1.568402860000000,SPI,MOSI: 0x00;  MISO: 0x00
1.568403940000000,SPI,MOSI: 0x00;  MISO: 0x00
1.568405000000000,SPI,MOSI: 0x00;  MISO: 0x00
1.568406060000000,SPI,MOSI: 0x00;  MISO: 0x00
1.568407140000000,SPI,MOSI: 0x00;  MISO: 0x00
1.568408200000000,SPI,MOSI: 0x00;  MISO: 0x00
1.568409260000000,SPI,MOSI: 0x00;  MISO: 0x00
1.568410340000000,SPI,MOSI: 0x00;  MISO: 0x00
1.568411400000000,SPI,MOSI: 0x00;  MISO: 0x00
1.568412460000000,SPI,MOSI: 0x00;  MISO: 0x00
1.568413540000000,SPI,MOSI: 0x00;  MISO: 0x00
1.568414600000000,SPI,MOSI: 0x00;  MISO: 0x00
1.568415660000000,SPI,MOSI: 0x00;  MISO: 0x00
1.568416740000000,SPI,MOSI: 0x88;  MISO: 0x00
1.568417800000000,SPI,MOSI: 0xF8;  MISO: 0x00
1.568418860000000,SPI,MOSI: 0xF0;  MISO: 0x00
1.568419940000000,SPI,MOSI: 0x00;  MISO: 0x00
1.568421000000000,SPI,MOSI: 0xF8;  MISO: 0x00
1.568422060000000,SPI,MOSI: 0xF8;  MISO: 0x00
1.568423140000000,SPI,MOSI: 0x00;  MISO: 0x00
1.568424200000000,SPI,MOSI: 0xB0;  MISO: 0x00
1.568425260000000,SPI,MOSI: 0xB8;  MISO: 0x00
1.568426320000000,SPI,MOSI: 0xE8;  MISO: 0x00
1.568427400000000,SPI,MOSI: 0x68;  MISO: 0x00
1.568428460000000,SPI,MOSI: 0x00;  MISO: 0x00
1.568429520000000,SPI,MOSI: 0xF8;  MISO: 0x00
1.568430600000000,SPI,MOSI: 0xF8;  MISO: 0x00
1.568431660000000,SPI,MOSI: 0x00;  MISO: 0x00
1.568432720000000,SPI,MOSI: 0xC0;  MISO: 0x00
1.568433800000000,SPI,MOSI: 0xF0;  MISO: 0x00
1.568434860000000,SPI,MOSI: 0x38;  MISO: 0x00
1.568435940000000,SPI,MOSI: 0xF0;  MISO: 0x00
1.568437000000000,SPI,MOSI: 0xC0;  MISO: 0x00
1.568438060000000,SPI,MOSI: 0x00;  MISO: 0x00
1.568439140000000,SPI,MOSI: 0x00;  MISO: 0x00
1.568440200000000,SPI,MOSI: 0x00;  MISO: 0x00
1.568441260000000,SPI,MOSI: 0x68;  MISO: 0x00
1.568442340000000,SPI,MOSI: 0xE8;  MISO: 0x00
1.568443400000000,SPI,MOSI: 0xA8;  MISO: 0x00
1.568444460000000,SPI,MOSI: 0xF8;  MISO: 0x00
1.568445540000000,SPI,MOSI: 0x70;  MISO: 0x00
1.568446600000000,SPI,MOSI: 0x00;  MISO: 0x00
1.568447660000000,SPI,MOSI: 0xB0;  MISO: 0x00
1.568448740000000,SPI,MOSI: 0xB8;  MISO: 0x00
1.568449800000000,SPI,MOSI: 0xE8;  MISO: 0x00
1.568450860000000,SPI,MOSI: 0x68;  MISO: 0x00
1.568451940000000,SPI,MOSI: 0x00;  MISO: 0x00
1.568453000000000,SPI,MOSI: 0x78;  MISO: 0x00
1.568454060000000,SPI,MOSI: 0xF8;  MISO: 0x00
1.568455140000000,SPI,MOSI: 0xA8;  MISO: 0x00
1.568456200000000,SPI,MOSI: 0xB8;  MISO: 0x00
1.568457260000000,SPI,MOSI: 0x10;  MISO: 0x00
1.568458340000000,SPI,MOSI: 0x00;  MISO: 0x00
1.568459400000000,SPI,MOSI: 0x68;  MISO: 0x00
1.568460460000000,SPI,MOSI: 0xE8;  MISO: 0x00
1.568461540000000,SPI,MOSI: 0xA8;  MISO: 0x00
1.568462600000000,SPI,MOSI: 0xF8;  MISO: 0x00
1.568463660000000,SPI,MOSI: 0x70;  MISO: 0x00
1.568464740000000,SPI,MOSI: 0x00;  MISO: 0x00
1.568465800000000,SPI,MOSI: 0xF8;  MISO: 0x00
1.568466860000000,SPI,MOSI: 0xF8;  MISO: 0x00
1.568467940000000,SPI,MOSI: 0x00;  MISO: 0x00
1.568469000000000,SPI,MOSI: 0xC0;  MISO: 0x00
1.568470060000000,SPI,MOSI: 0xE0;  MISO: 0x00
1.568471140000000,SPI,MOSI: 0x20;  MISO: 0x00
1.568472200000000,SPI,MOSI: 0xF8;  MISO: 0x00
1.568473260000000,SPI,MOSI: 0xF8;  MISO: 0x00
1.568474340000000,SPI,MOSI: 0x00;  MISO: 0x00
1.568475400000000,SPI,MOSI: 0x00;  MISO: 0x00
1.568476460000000,SPI,MOSI: 0x00;  MISO: 0x00
1.568477540000000,SPI,MOSI: 0x00;  MISO: 0x00
1.568478600000000,SPI,MOSI: 0x00;  MISO: 0x00
1.568479660000000,SPI,MOSI: 0x00;  MISO: 0x00
1.568480740000000,SPI,MOSI: 0x00;  MISO: 0x00
1.568481800000000,SPI,MOSI: 0x00;  MISO: 0x00
1.568482860000000,SPI,MOSI: 0xFF;  MISO: 0x00
1.568483940000000,SPI,MOSI: 0xFF;  MISO: 0x00
1.568485000000000,SPI,MOSI: 0xFF;  MISO: 0x00
1.568486060000000,SPI,MOSI: 0xFF;  MISO: 0x00
1.568487140000000,SPI,MOSI: 0xFF;  MISO: 0x00
1.568488200000000,SPI,MOSI: 0xFF;  MISO: 0x00
1.568489260000000,SPI,MOSI: 0x00;  MISO: 0x00
1.568490340000000,SPI,MOSI: 0x00;  MISO: 0x00
1.568491400000000,SPI,MOSI: 0x00;  MISO: 0x00
1.568492460000000,SPI,MOSI: 0x00;  MISO: 0x00
1.568493540000000,SPI,MOSI: 0x00;  MISO: 0x00
1.568494600000000,SPI,MOSI: 0x00;  MISO: 0x00
1.568495660000000,SPI,MOSI: 0x00;  MISO: 0x00
1.568496740000000,SPI,MOSI: 0x00;  MISO: 0x00
1.568497800000000,SPI,MOSI: 0x00;  MISO: 0x00
1.568498860000000,SPI,MOSI: 0x00;  MISO: 0x00
1.568499940000000,SPI,MOSI: 0x00;  MISO: 0x00
1.568501000000000,SPI,MOSI: 0x00;  MISO: 0x00
1.568502060000000,SPI,MOSI: 0x00;  MISO: 0x00
1.568503140000000,SPI,MOSI: 0x00;  MISO: 0x00
1.568504200000000,SPI,MOSI: 0x00;  MISO: 0x00
1.568505260000000,SPI,MOSI: 0x00;  MISO: 0x00
1.568506340000000,SPI,MOSI: 0x00;  MISO: 0x00
1.568507400000000,SPI,MOSI: 0x00;  MISO: 0x00
1.568508460000000,SPI,MOSI: 0x00;  MISO: 0x00
1.568509540000000,SPI,MOSI: 0x00;  MISO: 0x00
1.568510600000000,SPI,MOSI: 0x00;  MISO: 0x00
1.568511660000000,SPI,MOSI: 0x00;  MISO: 0x00
1.568512740000000,SPI,MOSI: 0x00;  MISO: 0x00
1.568513800000000,SPI,MOSI: 0x00;  MISO: 0x00
1.568514860000000,SPI,MOSI: 0x00;  MISO: 0x00
1.568515940000000,SPI,MOSI: 0x00;  MISO: 0x00
1.568517000000000,SPI,MOSI: 0x00;  MISO: 0x00
1.568518060000000,SPI,MOSI: 0x00;  MISO: 0x00
1.568519140000000,SPI,MOSI: 0x00;  MISO: 0x00
1.568520200000000,SPI,MOSI: 0xFF;  MISO: 0x00
1.568521260000000,SPI,MOSI: 0xFF;  MISO: 0x00
1.568522340000000,SPI,MOSI: 0xFF;  MISO: 0x00
1.568523400000000,SPI,MOSI: 0xFF;  MISO: 0x00
1.568524460000000,SPI,MOSI: 0xFF;  MISO: 0x00
1.568525540000000,SPI,MOSI: 0xFF;  MISO: 0x00
1.568526600000000,SPI,MOSI: 0x00;  MISO: 0x00
1.568527660000000,SPI,MOSI: 0x00;  MISO: 0x00
1.568528740000000,SPI,MOSI: 0x00;  MISO: 0x00
1.568529800000000,SPI,MOSI: 0x00;  MISO: 0x00
1.568530860000000,SPI,MOSI: 0x00;  MISO: 0x00
1.568531940000000,SPI,MOSI: 0x00;  MISO: 0x00
1.568533000000000,SPI,MOSI: 0x00;  MISO: 0x00
1.568534060000000,SPI,MOSI: 0x00;  MISO: 0x00
1.568535140000000,SPI,MOSI: 0x00;  MISO: 0x00
1.568536200000000,SPI,MOSI: 0x00;  MISO: 0x00
1.568537260000000,SPI,MOSI: 0x00;  MISO: 0x00
1.568538340000000,SPI,MOSI: 0x00;  MISO: 0x00
1.568539400000000,SPI,MOSI: 0x00;  MISO: 0x00
1.568540460000000,SPI,MOSI: 0x00;  MISO: 0x00
1.568541540000000,SPI,MOSI: 0x00;  MISO: 0x00
1.568542600000000,SPI,MOSI: 0x00;  MISO: 0x00
1.568543660000000,SPI,MOSI: 0x00;  MISO: 0x00
1.568544740000000,SPI,MOSI: 0x00;  MISO: 0x00
1.568545800000000,SPI,MOSI: 0x00;  MISO: 0x00
1.568546860000000,SPI,MOSI: 0x00;  MISO: 0x00
1.568547940000000,SPI,MOSI: 0x00;  MISO: 0x00
1.568549000000000,SPI,MOSI: 0x00;  MISO: 0x00
1.568550060000000,SPI,MOSI: 0x00;  MISO: 0x00
1.568551140000000,SPI,MOSI: 0x00;  MISO: 0x00
1.568552200000000,SPI,MOSI: 0x00;  MISO: 0x00
1.568553260000000,SPI,MOSI: 0x00;  MISO: 0x00
1.568554340000000,SPI,MOSI: 0x03;  MISO: 0x00
1.568555400000000,SPI,MOSI: 0x03;  MISO: 0x00
1.568556460000000,SPI,MOSI: 0x00;  MISO: 0x00
1.568557540000000,SPI,MOSI: 0x02;  MISO: 0x00
1.568558600000000,SPI,MOSI: 0x02;  MISO: 0x00
1.568559660000000,SPI,MOSI: 0x00;  MISO: 0x00
1.568560740000000,SPI,MOSI: 0x00;  MISO: 0x00
1.568561800000000,SPI,MOSI: 0x00;  MISO: 0x00
1.568562860000000,SPI,MOSI: 0x00;  MISO: 0x00
1.568563940000000,SPI,MOSI: 0x00;  MISO: 0x00
1.568565000000000,SPI,MOSI: 0x00;  MISO: 0x00
1.568566060000000,SPI,MOSI: 0x02;  MISO: 0x00
1.568567140000000,SPI,MOSI: 0x02;  MISO: 0x00
1.568568200000000,SPI,MOSI: 0x00;  MISO: 0x00
1.568569260000000,SPI,MOSI: 0x00;  MISO: 0x00
1.568570340000000,SPI,MOSI: 0x00;  MISO: 0x00
1.568571400000000,SPI,MOSI: 0x00;  MISO: 0x00
1.568572460000000,SPI,MOSI: 0x00;  MISO: 0x00
1.568573540000000,SPI,MOSI: 0x00;  MISO: 0x00
1.568574600000000,SPI,MOSI: 0x00;  MISO: 0x00
1.568575660000000,SPI,MOSI: 0x00;  MISO: 0x00
1.568576740000000,SPI,MOSI: 0x00;  MISO: 0x00
1.568577800000000,SPI,MOSI: 0x00;  MISO: 0x00
1.568578860000000,SPI,MOSI: 0x00;  MISO: 0x00
1.568579940000000,SPI,MOSI: 0x00;  MISO: 0x00
1.568581000000000,SPI,MOSI: 0x00;  MISO: 0x00
1.568582060000000,SPI,MOSI: 0x00;  MISO: 0x00
1.568583140000000,SPI,MOSI: 0x00;  MISO: 0x00
1.568584200000000,SPI,MOSI: 0x00;  MISO: 0x00
1.568585260000000,SPI,MOSI: 0x00;  MISO: 0x00
1.568586340000000,SPI,MOSI: 0x00;  MISO: 0x00
1.568587400000000,SPI,MOSI: 0x00;  MISO: 0x00
1.568588460000000,SPI,MOSI: 0x00;  MISO: 0x00
1.568589540000000,SPI,MOSI: 0x00;  MISO: 0x00
1.568590600000000,SPI,MOSI: 0x00;  MISO: 0x00
1.568591660000000,SPI,MOSI: 0x00;  MISO: 0x00
1.568592740000000,SPI,MOSI: 0x00;  MISO: 0x00
1.568593800000000,SPI,MOSI: 0x00;  MISO: 0x00
1.568594860000000,SPI,MOSI: 0x00;  MISO: 0x00
1.568595940000000,SPI,MOSI: 0x00;  MISO: 0x00
1.568597000000000,SPI,MOSI: 0x00;  MISO: 0x00
1.568598060000000,SPI,MOSI: 0x00;  MISO: 0x00
1.568599140000000,SPI,MOSI: 0x00;  MISO: 0x00
1.568600200000000,SPI,MOSI: 0x00;  MISO: 0x00
1.568601260000000,SPI,MOSI: 0x00;  MISO: 0x00
1.568602340000000,SPI,MOSI: 0x03;  MISO: 0x00
1.568603400000000,SPI,MOSI: 0x03;  MISO: 0x00
1.568604460000000,SPI,MOSI: 0x00;  MISO: 0x00
1.568605540000000,SPI,MOSI: 0x01;  MISO: 0x00
1.568606600000000,SPI,MOSI: 0x03;  MISO: 0x00
1.568607660000000,SPI,MOSI: 0x02;  MISO: 0x00
1.568608740000000,SPI,MOSI: 0x03;  MISO: 0x00
1.568609800000000,SPI,MOSI: 0x03;  MISO: 0x00
1.568610860000000,SPI,MOSI: 0x00;  MISO: 0x00
1.568611940000000,SPI,MOSI: 0x00;  MISO: 0x00
1.568613000000000,SPI,MOSI: 0x00;  MISO: 0x00
1.568614060000000,SPI,MOSI: 0x00;  MISO: 0x00
1.568615140000000,SPI,MOSI: 0x00;  MISO: 0x00
1.568616200000000,SPI,MOSI: 0x00;  MISO: 0x00
1.568617260000000,SPI,MOSI: 0x00;  MISO: 0x00
1.568618340000000,SPI,MOSI: 0x00;  MISO: 0x00
1.568619400000000,SPI,MOSI: 0xFF;  MISO: 0x00
1.568620460000000,SPI,MOSI: 0xFF;  MISO: 0x00
1.568621540000000,SPI,MOSI: 0xFF;  MISO: 0x00
1.568622600000000,SPI,MOSI: 0xFF;  MISO: 0x00
1.568623660000000,SPI,MOSI: 0xFF;  MISO: 0x00
1.568624740000000,SPI,MOSI: 0xFF;  MISO: 0x00
1.568625800000000,SPI,MOSI: 0xFE;  MISO: 0x00
1.568626860000000,SPI,MOSI: 0xFC;  MISO: 0x00
1.568627940000000,SPI,MOSI: 0xFC;  MISO: 0x00
1.568629000000000,SPI,MOSI: 0xFC;  MISO: 0x00
1.568630060000000,SPI,MOSI: 0xFC;  MISO: 0x00
1.568631140000000,SPI,MOSI: 0xFC;  MISO: 0x00
1.568632200000000,SPI,MOSI: 0xFC;  MISO: 0x00
1.568633260000000,SPI,MOSI: 0xFC;  MISO: 0x00
1.568634340000000,SPI,MOSI: 0xF8;  MISO: 0x00
1.568635400000000,SPI,MOSI: 0xF8;  MISO: 0x00
1.568636460000000,SPI,MOSI: 0xF8;  MISO: 0x00
1.568637540000000,SPI,MOSI: 0xF8;  MISO: 0x00
1.568638600000000,SPI,MOSI: 0xF8;  MISO: 0x00
1.568639660000000,SPI,MOSI: 0xF8;  MISO: 0x00
1.568640740000000,SPI,MOSI: 0xF8;  MISO: 0x00
1.568641800000000,SPI,MOSI: 0xF8;  MISO: 0x00
1.568642860000000,SPI,MOSI: 0xF8;  MISO: 0x00
1.568643940000000,SPI,MOSI: 0xF8;  MISO: 0x00
1.568645000000000,SPI,MOSI: 0xF8;  MISO: 0x00
1.568646060000000,SPI,MOSI: 0xF8;  MISO: 0x00
1.568647140000000,SPI,MOSI: 0xF8;  MISO: 0x00
1.568648200000000,SPI,MOSI: 0xFC;  MISO: 0x00
1.568649260000000,SPI,MOSI: 0xFC;  MISO: 0x00
1.568650340000000,SPI,MOSI: 0xFC;  MISO: 0x00
1.568651400000000,SPI,MOSI: 0xFC;  MISO: 0x00
1.568652460000000,SPI,MOSI: 0xFC;  MISO: 0x00
1.568653540000000,SPI,MOSI: 0xFC;  MISO: 0x00
1.568654600000000,SPI,MOSI: 0xFC;  MISO: 0x00
1.568655660000000,SPI,MOSI: 0xFE;  MISO: 0x00
1.568656740000000,SPI,MOSI: 0xFF;  MISO: 0x00
1.568657800000000,SPI,MOSI: 0xFF;  MISO: 0x00
1.568658880000000,SPI,MOSI: 0xFF;  MISO: 0x00
1.568659940000000,SPI,MOSI: 0xFF;  MISO: 0x00
1.568661000000000,SPI,MOSI: 0xFF;  MISO: 0x00
1.568662080000000,SPI,MOSI: 0xFF;  MISO: 0x00
1.568663140000000,SPI,MOSI: 0x00;  MISO: 0x00
1.568664200000000,SPI,MOSI: 0x00;  MISO: 0x00
1.568665280000000,SPI,MOSI: 0x00;  MISO: 0x00
1.568666340000000,SPI,MOSI: 0x00;  MISO: 0x00
1.568667400000000,SPI,MOSI: 0x00;  MISO: 0x00
1.568668460000000,SPI,MOSI: 0x00;  MISO: 0x00
1.568669540000000,SPI,MOSI: 0x00;  MISO: 0x00
1.568670600000000,SPI,MOSI: 0x00;  MISO: 0x00
1.568671660000000,SPI,MOSI: 0x00;  MISO: 0x00
1.568672740000000,SPI,MOSI: 0x00;  MISO: 0x00
1.568673800000000,SPI,MOSI: 0x00;  MISO: 0x00
1.568674880000000,SPI,MOSI: 0x00;  MISO: 0x00
1.568675940000000,SPI,MOSI: 0x00;  MISO: 0x00
1.568677000000000,SPI,MOSI: 0x00;  MISO: 0x00
1.568678080000000,SPI,MOSI: 0x00;  MISO: 0x00
1.568679140000000,SPI,MOSI: 0x00;  MISO: 0x00
1.568680200000000,SPI,MOSI: 0x00;  MISO: 0x00
1.568681280000000,SPI,MOSI: 0x00;  MISO: 0x00
1.568682340000000,SPI,MOSI: 0x00;  MISO: 0x00
1.568683400000000,SPI,MOSI: 0x00;  MISO: 0x00
1.568684460000000,SPI,MOSI: 0x00;  MISO: 0x00
1.568685540000000,SPI,MOSI: 0x00;  MISO: 0x00
1.568686600000000,SPI,MOSI: 0x00;  MISO: 0x00
1.568687660000000,SPI,MOSI: 0x00;  MISO: 0x00
1.568688740000000,SPI,MOSI: 0x00;  MISO: 0x00
1.568689800000000,SPI,MOSI: 0x00;  MISO: 0x00
1.568690880000000,SPI,MOSI: 0x00;  MISO: 0x00
1.568691940000000,SPI,MOSI: 0x00;  MISO: 0x00
1.568693000000000,SPI,MOSI: 0x00;  MISO: 0x00
1.568694060000000,SPI,MOSI: 0x00;  MISO: 0x00
1.568695140000000,SPI,MOSI: 0x00;  MISO: 0x00
1.568696200000000,SPI,MOSI: 0x00;  MISO: 0x00
1.568697280000000,SPI,MOSI: 0x00;  MISO: 0x00
1.568698340000000,SPI,MOSI: 0x80;  MISO: 0x00
1.568699400000000,SPI,MOSI: 0x80;  MISO: 0x00
1.568700460000000,SPI,MOSI: 0x00;  MISO: 0x00
1.568701540000000,SPI,MOSI: 0x80;  MISO: 0x00
1.568702600000000,SPI,MOSI: 0x80;  MISO: 0x00
1.568703660000000,SPI,MOSI: 0x80;  MISO: 0x00
1.568704740000000,SPI,MOSI: 0x80;  MISO: 0x00
1.568705800000000,SPI,MOSI: 0x00;  MISO: 0x00
1.568706880000000,SPI,MOSI: 0x00;  MISO: 0x00
1.568707940000000,SPI,MOSI: 0x80;  MISO: 0x00
1.568709000000000,SPI,MOSI: 0x80;  MISO: 0x00
1.568710080000000,SPI,MOSI: 0x00;  MISO: 0x00
1.568711140000000,SPI,MOSI: 0x80;  MISO: 0x00
1.568712200000000,SPI,MOSI: 0x80;  MISO: 0x00
1.568713280000000,SPI,MOSI: 0x00;  MISO: 0x00
1.568714340000000,SPI,MOSI: 0x80;  MISO: 0x00
1.568715400000000,SPI,MOSI: 0x80;  MISO: 0x00
1.568716480000000,SPI,MOSI: 0x00;  MISO: 0x00
1.568717540000000,SPI,MOSI: 0x00;  MISO: 0x00
1.568718600000000,SPI,MOSI: 0x80;  MISO: 0x00
1.568719660000000,SPI,MOSI: 0x80;  MISO: 0x00
1.568720740000000,SPI,MOSI: 0x80;  MISO: 0x00
1.568721800000000,SPI,MOSI: 0x00;  MISO: 0x00
1.568722860000000,SPI,MOSI: 0x00;  MISO: 0x00
1.568723940000000,SPI,MOSI: 0x00;  MISO: 0x00
1.568725000000000,SPI,MOSI: 0x80;  MISO: 0x00
1.568726080000000,SPI,MOSI: 0x80;  MISO: 0x00
1.568727140000000,SPI,MOSI: 0x80;  MISO: 0x00
1.568728200000000,SPI,MOSI: 0x00;  MISO: 0x00
1.568729280000000,SPI,MOSI: 0x00;  MISO: 0x00
1.568730340000000,SPI,MOSI: 0x80;  MISO: 0x00
1.568731400000000,SPI,MOSI: 0x80;  MISO: 0x00
1.568732460000000,SPI,MOSI: 0x00;  MISO: 0x00
1.568733540000000,SPI,MOSI: 0x80;  MISO: 0x00
1.568734600000000,SPI,MOSI: 0x80;  MISO: 0x00
1.568735660000000,SPI,MOSI: 0x80;  MISO: 0x00
1.568736740000000,SPI,MOSI: 0x80;  MISO: 0x00
1.568737800000000,SPI,MOSI: 0x00;  MISO: 0x00
1.568738880000000,SPI,MOSI: 0x00;  MISO: 0x00
1.568739940000000,SPI,MOSI: 0x00;  MISO: 0x00
1.568741000000000,SPI,MOSI: 0x80;  MISO: 0x00
1.568742080000000,SPI,MOSI: 0x80;  MISO: 0x00
1.568743140000000,SPI,MOSI: 0x00;  MISO: 0x00
1.568744200000000,SPI,MOSI: 0x80;  MISO: 0x00
1.568745280000000,SPI,MOSI: 0x80;  MISO: 0x00
1.568746340000000,SPI,MOSI: 0x00;  MISO: 0x00
1.568747400000000,SPI,MOSI: 0x00;  MISO: 0x00
1.568748460000000,SPI,MOSI: 0x00;  MISO: 0x00
1.568749540000000,SPI,MOSI: 0x00;  MISO: 0x00
1.568750600000000,SPI,MOSI: 0x00;  MISO: 0x00
1.568751660000000,SPI,MOSI: 0x00;  MISO: 0x00
1.568752740000000,SPI,MOSI: 0x00;  MISO: 0x00
1.568753800000000,SPI,MOSI: 0x00;  MISO: 0x00
1.568754860000000,SPI,MOSI: 0x00;  MISO: 0x00
1.568755940000000,SPI,MOSI: 0x00;  MISO: 0x00
1.568757000000000,SPI,MOSI: 0x00;  MISO: 0x00
1.568758080000000,SPI,MOSI: 0x01;  MISO: 0x00
1.568759140000000,SPI,MOSI: 0x01;  MISO: 0x00
1.568760200000000,SPI,MOSI: 0x01;  MISO: 0x00
1.568761280000000,SPI,MOSI: 0xFF;  MISO: 0x00
1.568762340000000,SPI,MOSI: 0xFF;  MISO: 0x00
1.568763400000000,SPI,MOSI: 0xFF;  MISO: 0x00
1.568764480000000,SPI,MOSI: 0xFF;  MISO: 0x00
1.568765540000000,SPI,MOSI: 0xFF;  MISO: 0x00
1.568766600000000,SPI,MOSI: 0xFF;  MISO: 0x00
1.568767680000000,SPI,MOSI: 0x03;  MISO: 0x00
1.568768740000000,SPI,MOSI: 0x03;  MISO: 0x00
1.568769800000000,SPI,MOSI: 0x03;  MISO: 0x00
1.568770880000000,SPI,MOSI: 0x03;  MISO: 0x00
1.568771940000000,SPI,MOSI: 0x03;  MISO: 0x00
1.568773000000000,SPI,MOSI: 0x03;  MISO: 0x00
1.568774080000000,SPI,MOSI: 0x03;  MISO: 0x00
1.568775140000000,SPI,MOSI: 0x03;  MISO: 0x00
1.568776200000000,SPI,MOSI: 0x03;  MISO: 0x00
1.568777280000000,SPI,MOSI: 0x03;  MISO: 0x00
1.568778340000000,SPI,MOSI: 0x03;  MISO: 0x00
1.568779400000000,SPI,MOSI: 0x03;  MISO: 0x00
1.568780480000000,SPI,MOSI: 0x03;  MISO: 0x00
1.568781540000000,SPI,MOSI: 0x03;  MISO: 0x00
1.568782600000000,SPI,MOSI: 0x03;  MISO: 0x00
1.568783680000000,SPI,MOSI: 0x03;  MISO: 0x00
1.568784740000000,SPI,MOSI: 0x03;  MISO: 0x00
1.568785800000000,SPI,MOSI: 0x03;  MISO: 0x00
1.568786860000000,SPI,MOSI: 0x03;  MISO: 0x00
1.568787940000000,SPI,MOSI: 0xFF;  MISO: 0x00
1.568789000000000,SPI,MOSI: 0xFF;  MISO: 0x00
1.568790080000000,SPI,MOSI: 0xFF;  MISO: 0x00
1.568791140000000,SPI,MOSI: 0xFF;  MISO: 0x00
1.568792200000000,SPI,MOSI: 0xFF;  MISO: 0x00
1.568793280000000,SPI,MOSI: 0xFF;  MISO: 0x00
1.568794340000000,SPI,MOSI: 0x01;  MISO: 0x00
1.568795400000000,SPI,MOSI: 0x01;  MISO: 0x00
1.568796480000000,SPI,MOSI: 0x01;  MISO: 0x00
1.568797540000000,SPI,MOSI: 0x00;  MISO: 0x00
1.568798600000000,SPI,MOSI: 0x00;  MISO: 0x00
1.568799680000000,SPI,MOSI: 0x00;  MISO: 0x00
1.568800740000000,SPI,MOSI: 0x00;  MISO: 0x00
1.568801800000000,SPI,MOSI: 0x00;  MISO: 0x00
1.568802880000000,SPI,MOSI: 0x00;  MISO: 0x00
1.568803940000000,SPI,MOSI: 0x00;  MISO: 0x00
1.568805000000000,SPI,MOSI: 0x00;  MISO: 0x00
1.568806080000000,SPI,MOSI: 0x00;  MISO: 0x00
1.568807140000000,SPI,MOSI: 0x00;  MISO: 0x00
1.568808200000000,SPI,MOSI: 0x00;  MISO: 0x00
1.568809280000000,SPI,MOSI: 0x00;  MISO: 0x00
1.568810340000000,SPI,MOSI: 0x00;  MISO: 0x00
1.568811400000000,SPI,MOSI: 0x00;  MISO: 0x00
1.568812480000000,SPI,MOSI: 0x00;  MISO: 0x00
1.568813540000000,SPI,MOSI: 0x00;  MISO: 0x00
1.568814600000000,SPI,MOSI: 0x00;  MISO: 0x00
1.568815680000000,SPI,MOSI: 0x00;  MISO: 0x00
1.568816740000000,SPI,MOSI: 0x00;  MISO: 0x00
1.568817800000000,SPI,MOSI: 0x00;  MISO: 0x00
1.568818880000000,SPI,MOSI: 0x00;  MISO: 0x00
1.568819940000000,SPI,MOSI: 0x00;  MISO: 0x00
1.568821000000000,SPI,MOSI: 0x00;  MISO: 0x00
1.568822080000000,SPI,MOSI: 0x00;  MISO: 0x00
1.568823140000000,SPI,MOSI: 0x00;  MISO: 0x00
1.568824200000000,SPI,MOSI: 0x00;  MISO: 0x00
1.568825280000000,SPI,MOSI: 0x00;  MISO: 0x00
1.568826340000000,SPI,MOSI: 0x00;  MISO: 0x00
1.568827400000000,SPI,MOSI: 0x00;  MISO: 0x00
1.568828480000000,SPI,MOSI: 0x00;  MISO: 0x00
1.568829540000000,SPI,MOSI: 0x00;  MISO: 0x00
1.568830600000000,SPI,MOSI: 0x00;  MISO: 0x00
1.568831680000000,SPI,MOSI: 0x00;  MISO: 0x00
1.568832740000000,SPI,MOSI: 0x00;  MISO: 0x00
1.568833800000000,SPI,MOSI: 0x00;  MISO: 0x00
1.568834880000000,SPI,MOSI: 0x3E;  MISO: 0x00
1.568835940000000,SPI,MOSI: 0x3E;  MISO: 0x00
1.568837000000000,SPI,MOSI: 0x00;  MISO: 0x00
1.568838080000000,SPI,MOSI: 0x06;  MISO: 0x00
1.568839140000000,SPI,MOSI: 0x0E;  MISO: 0x00
1.568840200000000,SPI,MOSI: 0x0A;  MISO: 0x00
1.568841280000000,SPI,MOSI: 0x0F;  MISO: 0x00
1.568842340000000,SPI,MOSI: 0x07;  MISO: 0x00
1.568843400000000,SPI,MOSI: 0x00;  MISO: 0x00
1.568844480000000,SPI,MOSI: 0x07;  MISO: 0x00
1.568845540000000,SPI,MOSI: 0x0F;  MISO: 0x00
1.568846600000000,SPI,MOSI: 0x08;  MISO: 0x00
1.568847680000000,SPI,MOSI: 0x0F;  MISO: 0x00
1.568848740000000,SPI,MOSI: 0x0F;  MISO: 0x00
1.568849800000000,SPI,MOSI: 0x08;  MISO: 0x00
1.568850880000000,SPI,MOSI: 0x0F;  MISO: 0x00
1.568851940000000,SPI,MOSI: 0x0F;  MISO: 0x00
1.568853000000000,SPI,MOSI: 0x00;  MISO: 0x00
1.568854080000000,SPI,MOSI: 0x07;  MISO: 0x00
1.568855140000000,SPI,MOSI: 0x0F;  MISO: 0x00
1.568856200000000,SPI,MOSI: 0x08;  MISO: 0x00
1.568857280000000,SPI,MOSI: 0x0F;  MISO: 0x00
1.568858340000000,SPI,MOSI: 0x07;  MISO: 0x00
1.568859400000000,SPI,MOSI: 0x00;  MISO: 0x00
1.568860480000000,SPI,MOSI: 0x05;  MISO: 0x00
1.568861540000000,SPI,MOSI: 0x0D;  MISO: 0x00
1.568862600000000,SPI,MOSI: 0x08;  MISO: 0x00
1.568863680000000,SPI,MOSI: 0x0F;  MISO: 0x00
1.568864740000000,SPI,MOSI: 0x07;  MISO: 0x00
1.568865800000000,SPI,MOSI: 0x00;  MISO: 0x00
1.568866880000000,SPI,MOSI: 0x3F;  MISO: 0x00
1.568867940000000,SPI,MOSI: 0x3F;  MISO: 0x00
1.568869000000000,SPI,MOSI: 0x00;  MISO: 0x00
1.568870080000000,SPI,MOSI: 0x06;  MISO: 0x00
1.568871140000000,SPI,MOSI: 0x0E;  MISO: 0x00
1.568872200000000,SPI,MOSI: 0x0A;  MISO: 0x00
1.568873280000000,SPI,MOSI: 0x0F;  MISO: 0x00
1.568874340000000,SPI,MOSI: 0x07;  MISO: 0x00
1.568875400000000,SPI,MOSI: 0x00;  MISO: 0x00
1.568876480000000,SPI,MOSI: 0x3C;  MISO: 0x00
1.568877540000000,SPI,MOSI: 0x3F;  MISO: 0x00
1.568878600000000,SPI,MOSI: 0x07;  MISO: 0x00
1.568879680000000,SPI,MOSI: 0x0F;  MISO: 0x00
1.568880740000000,SPI,MOSI: 0x07;  MISO: 0x00
1.568881800000000,SPI,MOSI: 0x3F;  MISO: 0x00
1.568882880000000,SPI,MOSI: 0x3C;  MISO: 0x00
1.568883940000000,SPI,MOSI: 0x00;  MISO: 0x00
1.568885000000000,SPI,MOSI: 0x00;  MISO: 0x00
1.568886080000000,SPI,MOSI: 0x00;  MISO: 0x00
1.568887140000000,SPI,MOSI: 0x00;  MISO: 0x00
1.568888200000000,SPI,MOSI: 0x00;  MISO: 0x00
1.568889280000000,SPI,MOSI: 0x00;  MISO: 0x00
1.568890340000000,SPI,MOSI: 0x00;  MISO: 0x00
1.568891400000000,SPI,MOSI: 0x00;  MISO: 0x00
1.568892480000000,SPI,MOSI: 0x00;  MISO: 0x00
1.568893540000000,SPI,MOSI: 0x00;  MISO: 0x00
1.568894600000000,SPI,MOSI: 0x00;  MISO: 0x00
1.568895680000000,SPI,MOSI: 0x00;  MISO: 0x00
1.568896740000000,SPI,MOSI: 0x00;  MISO: 0x00
1.568897800000000,SPI,MOSI: 0x07;  MISO: 0x00
1.568898880000000,SPI,MOSI: 0x3F;  MISO: 0x00
1.568899940000000,SPI,MOSI: 0xFF;  MISO: 0x00
1.568901000000000,SPI,MOSI: 0xFF;  MISO: 0x00
1.568902080000000,SPI,MOSI: 0xFF;  MISO: 0x00
1.568903140000000,SPI,MOSI: 0xFF;  MISO: 0x00
1.568904200000000,SPI,MOSI: 0xFE;  MISO: 0x00
1.568905280000000,SPI,MOSI: 0xF0;  MISO: 0x00
1.568906340000000,SPI,MOSI: 0xE0;  MISO: 0x00
1.568907400000000,SPI,MOSI: 0xC0;  MISO: 0x00
1.568908480000000,SPI,MOSI: 0x80;  MISO: 0x00
1.568909540000000,SPI,MOSI: 0x80;  MISO: 0x00
1.568910600000000,SPI,MOSI: 0x00;  MISO: 0x00
1.568911680000000,SPI,MOSI: 0x00;  MISO: 0x00
1.568912740000000,SPI,MOSI: 0x00;  MISO: 0x00
1.568913800000000,SPI,MOSI: 0x00;  MISO: 0x00
1.568914880000000,SPI,MOSI: 0x00;  MISO: 0x00
1.568915940000000,SPI,MOSI: 0x00;  MISO: 0x00
1.568917000000000,SPI,MOSI: 0x00;  MISO: 0x00
1.568918080000000,SPI,MOSI: 0x80;  MISO: 0x00
1.568919140000000,SPI,MOSI: 0x80;  MISO: 0x00
1.568920200000000,SPI,MOSI: 0xC0;  MISO: 0x00
1.568921280000000,SPI,MOSI: 0xE0;  MISO: 0x00
1.568922340000000,SPI,MOSI: 0xF0;  MISO: 0x00
1.568923400000000,SPI,MOSI: 0xFE;  MISO: 0x00
1.568924480000000,SPI,MOSI: 0xFF;  MISO: 0x00
1.568925540000000,SPI,MOSI: 0xFF;  MISO: 0x00
1.568926600000000,SPI,MOSI: 0xFF;  MISO: 0x00
1.568927680000000,SPI,MOSI: 0xFF;  MISO: 0x00
1.568928740000000,SPI,MOSI: 0x3F;  MISO: 0x00
1.568929800000000,SPI,MOSI: 0x07;  MISO: 0x00
1.568930880000000,SPI,MOSI: 0x00;  MISO: 0x00
1.568931940000000,SPI,MOSI: 0x00;  MISO: 0x00
1.568933000000000,SPI,MOSI: 0x00;  MISO: 0x00
1.568934080000000,SPI,MOSI: 0x00;  MISO: 0x00
1.568935140000000,SPI,MOSI: 0x00;  MISO: 0x00
1.568936200000000,SPI,MOSI: 0x00;  MISO: 0x00
1.568937280000000,SPI,MOSI: 0x00;  MISO: 0x00
1.568938340000000,SPI,MOSI: 0x00;  MISO: 0x00
1.568939400000000,SPI,MOSI: 0x00;  MISO: 0x00
1.568940480000000,SPI,MOSI: 0x00;  MISO: 0x00
1.568941540000000,SPI,MOSI: 0x00;  MISO: 0x00
1.568942600000000,SPI,MOSI: 0x00;  MISO: 0x00
1.568943680000000,SPI,MOSI: 0x00;  MISO: 0x00
1.568944740000000,SPI,MOSI: 0x00;  MISO: 0x00
1.568945800000000,SPI,MOSI: 0x00;  MISO: 0x00
1.568946880000000,SPI,MOSI: 0x00;  MISO: 0x00
1.568947940000000,SPI,MOSI: 0x00;  MISO: 0x00
1.568949000000000,SPI,MOSI: 0x00;  MISO: 0x00
1.568950080000000,SPI,MOSI: 0x00;  MISO: 0x00
1.568951140000000,SPI,MOSI: 0x00;  MISO: 0x00
1.568952200000000,SPI,MOSI: 0x00;  MISO: 0x00
1.568953280000000,SPI,MOSI: 0x00;  MISO: 0x00
1.568954340000000,SPI,MOSI: 0x00;  MISO: 0x00
1.568955400000000,SPI,MOSI: 0x00;  MISO: 0x00
1.568956480000000,SPI,MOSI: 0x00;  MISO: 0x00
1.568957540000000,SPI,MOSI: 0x00;  MISO: 0x00
1.568958600000000,SPI,MOSI: 0x00;  MISO: 0x00
1.568959680000000,SPI,MOSI: 0x00;  MISO: 0x00
1.568960740000000,SPI,MOSI: 0x00;  MISO: 0x00
1.568961800000000,SPI,MOSI: 0x00;  MISO: 0x00
1.568962880000000,SPI,MOSI: 0x00;  MISO: 0x00
1.568963940000000,SPI,MOSI: 0x00;  MISO: 0x00
1.568965000000000,SPI,MOSI: 0x00;  MISO: 0x00
1.568966080000000,SPI,MOSI: 0x00;  MISO: 0x00
1.568967140000000,SPI,MOSI: 0x00;  MISO: 0x00
1.568968220000000,SPI,MOSI: 0x00;  MISO: 0x00
1.568969280000000,SPI,MOSI: 0x00;  MISO: 0x00
1.568970340000000,SPI,MOSI: 0x00;  MISO: 0x00
1.568971400000000,SPI,MOSI: 0x00;  MISO: 0x00
1.568972480000000,SPI,MOSI: 0x00;  MISO: 0x00
1.568973540000000,SPI,MOSI: 0x00;  MISO: 0x00
1.568974600000000,SPI,MOSI: 0x00;  MISO: 0x00
1.568975680000000,SPI,MOSI: 0x00;  MISO: 0x00
1.568976740000000,SPI,MOSI: 0x00;  MISO: 0x00
1.568977800000000,SPI,MOSI: 0x00;  MISO: 0x00
1.568978880000000,SPI,MOSI: 0x00;  MISO: 0x00
1.568979940000000,SPI,MOSI: 0x00;  MISO: 0x00
1.568981000000000,SPI,MOSI: 0x00;  MISO: 0x00
1.568982080000000,SPI,MOSI: 0x00;  MISO: 0x00
1.568983140000000,SPI,MOSI: 0x00;  MISO: 0x00
1.568984200000000,SPI,MOSI: 0x00;  MISO: 0x00
1.568985280000000,SPI,MOSI: 0x00;  MISO: 0x00
1.568986340000000,SPI,MOSI: 0x00;  MISO: 0x00
1.568987400000000,SPI,MOSI: 0x00;  MISO: 0x00
1.568988480000000,SPI,MOSI: 0x00;  MISO: 0x00
1.568989540000000,SPI,MOSI: 0x00;  MISO: 0x00
1.568990600000000,SPI,MOSI: 0x00;  MISO: 0x00
1.568991680000000,SPI,MOSI: 0x00;  MISO: 0x00
1.568992740000000,SPI,MOSI: 0x00;  MISO: 0x00
1.568993800000000,SPI,MOSI: 0x00;  MISO: 0x00
1.568994880000000,SPI,MOSI: 0x00;  MISO: 0x00
1.568995940000000,SPI,MOSI: 0x00;  MISO: 0x00
1.568997000000000,SPI,MOSI: 0x00;  MISO: 0x00
1.568998080000000,SPI,MOSI: 0x00;  MISO: 0x00
1.568999140000000,SPI,MOSI: 0x00;  MISO: 0x00
1.569000200000000,SPI,MOSI: 0x00;  MISO: 0x00
1.569001280000000,SPI,MOSI: 0x00;  MISO: 0x00
1.569002340000000,SPI,MOSI: 0x00;  MISO: 0x00
1.569003400000000,SPI,MOSI: 0x00;  MISO: 0x00
1.569004480000000,SPI,MOSI: 0x00;  MISO: 0x00
1.569005540000000,SPI,MOSI: 0x00;  MISO: 0x00
1.569006600000000,SPI,MOSI: 0x00;  MISO: 0x00
1.569007680000000,SPI,MOSI: 0x00;  MISO: 0x00
1.569008740000000,SPI,MOSI: 0x00;  MISO: 0x00
1.569009800000000,SPI,MOSI: 0x00;  MISO: 0x00
1.569010880000000,SPI,MOSI: 0x00;  MISO: 0x00
1.569011940000000,SPI,MOSI: 0x00;  MISO: 0x00
1.569013000000000,SPI,MOSI: 0x00;  MISO: 0x00
1.569014080000000,SPI,MOSI: 0x00;  MISO: 0x00
1.569015140000000,SPI,MOSI: 0x00;  MISO: 0x00
1.569016200000000,SPI,MOSI: 0x00;  MISO: 0x00
1.569017280000000,SPI,MOSI: 0x00;  MISO: 0x00
1.569018340000000,SPI,MOSI: 0x00;  MISO: 0x00
1.569019400000000,SPI,MOSI: 0x00;  MISO: 0x00
1.569020480000000,SPI,MOSI: 0x00;  MISO: 0x00
1.569021540000000,SPI,MOSI: 0x00;  MISO: 0x00
1.569022600000000,SPI,MOSI: 0x00;  MISO: 0x00
1.569023680000000,SPI,MOSI: 0x00;  MISO: 0x00
1.569024740000000,SPI,MOSI: 0x00;  MISO: 0x00
1.569025800000000,SPI,MOSI: 0x00;  MISO: 0x00
1.569026880000000,SPI,MOSI: 0x00;  MISO: 0x00
1.569027940000000,SPI,MOSI: 0x00;  MISO: 0x00
1.569029020000000,SPI,MOSI: 0x00;  MISO: 0x00
1.569030080000000,SPI,MOSI: 0x00;  MISO: 0x00
1.569031140000000,SPI,MOSI: 0x00;  MISO: 0x00
1.569032200000000,SPI,MOSI: 0x00;  MISO: 0x00
1.569033280000000,SPI,MOSI: 0x00;  MISO: 0x00
1.569034340000000,SPI,MOSI: 0x00;  MISO: 0x00
1.569035400000000,SPI,MOSI: 0x00;  MISO: 0x00
1.569036480000000,SPI,MOSI: 0x00;  MISO: 0x00
1.569037540000000,SPI,MOSI: 0x01;  MISO: 0x00
1.569038600000000,SPI,MOSI: 0x03;  MISO: 0x00
1.569039680000000,SPI,MOSI: 0x07;  MISO: 0x00
1.569040740000000,SPI,MOSI: 0x0F;  MISO: 0x00
1.569041800000000,SPI,MOSI: 0x1F;  MISO: 0x00
1.569042880000000,SPI,MOSI: 0x1F;  MISO: 0x00
1.569043940000000,SPI,MOSI: 0x3F;  MISO: 0x00
1.569045000000000,SPI,MOSI: 0x3F;  MISO: 0x00
1.569046080000000,SPI,MOSI: 0x3F;  MISO: 0x00
1.569047140000000,SPI,MOSI: 0x7F;  MISO: 0x00
1.569048220000000,SPI,MOSI: 0x7F;  MISO: 0x00
1.569049280000000,SPI,MOSI: 0x7F;  MISO: 0x00
1.569050340000000,SPI,MOSI: 0x7F;  MISO: 0x00
1.569051420000000,SPI,MOSI: 0x7F;  MISO: 0x00
1.569052480000000,SPI,MOSI: 0x7F;  MISO: 0x00
1.569053540000000,SPI,MOSI: 0x7F;  MISO: 0x00
1.569054620000000,SPI,MOSI: 0x3F;  MISO: 0x00
1.569055680000000,SPI,MOSI: 0x3F;  MISO: 0x00
1.569056740000000,SPI,MOSI: 0x3F;  MISO: 0x00
1.569057820000000,SPI,MOSI: 0x1F;  MISO: 0x00
1.569058880000000,SPI,MOSI: 0x1F;  MISO: 0x00
1.569059940000000,SPI,MOSI: 0x0F;  MISO: 0x00
1.569061020000000,SPI,MOSI: 0x07;  MISO: 0x00
1.569062080000000,SPI,MOSI: 0x03;  MISO: 0x00
1.569063140000000,SPI,MOSI: 0x01;  MISO: 0x00
1.569064200000000,SPI,MOSI: 0x00;  MISO: 0x00
1.569065280000000,SPI,MOSI: 0x00;  MISO: 0x00
1.569066340000000,SPI,MOSI: 0x00;  MISO: 0x00
1.569067400000000,SPI,MOSI: 0x00;  MISO: 0x00
1.569068480000000,SPI,MOSI: 0x00;  MISO: 0x00
1.569069540000000,SPI,MOSI: 0x00;  MISO: 0x00
1.569070620000000,SPI,MOSI: 0x00;  MISO: 0x00
1.569071680000000,SPI,MOSI: 0x00;  MISO: 0x00
1.569072740000000,SPI,MOSI: 0x00;  MISO: 0x00
1.569073820000000,SPI,MOSI: 0x00;  MISO: 0x00
1.569074880000000,SPI,MOSI: 0x00;  MISO: 0x00
